exposure_id,user_id,channel,campaign_id,exposed_at,ad_format
1,2,google,GOOGLE_SPRING24,2024-03-08 20:59:30,display
2,6,instagram,INSTAGRAM_SUMMER24,2023-09-13 19:43:25,search
3,7,google,GOOGLE_WELCOME,2023-12-20 11:04:00,search
4,7,email,EMAIL_RETARGET,2024-01-15 14:31:20,social
5,7,email,EMAIL_BRAND,2024-02-10 21:37:10,social
6,8,email,EMAIL_SPRING24,2024-02-05 12:59:10,video
7,8,google,GOOGLE_SPRING24,2024-03-09 03:48:33,display
8,8,email,EMAIL_SPRING24,2024-03-14 01:57:57,display
9,8,email,EMAIL_SUMMER24,2024-03-12 23:13:03,search
10,8,instagram,INSTAGRAM_BRAND,2024-02-29 05:13:35,video
11,12,google,GOOGLE_RETARGET,2023-09-09 17:21:16,display
12,13,google,GOOGLE_WELCOME,2024-04-30 15:10:41,display
13,13,google,GOOGLE_WELCOME,2024-05-12 02:29:18,social
14,13,google,GOOGLE_WELCOME,2024-05-24 02:16:21,social
15,13,email,EMAIL_RETARGET,2024-06-22 01:06:48,social
16,14,instagram,INSTAGRAM_BRAND,2024-05-06 17:35:41,search
17,14,instagram,INSTAGRAM_WELCOME,2024-05-10 04:53:23,video
18,15,google,GOOGLE_SUMMER24,2024-01-11 06:29:11,video
19,16,google,GOOGLE_WELCOME,2023-08-24 04:21:53,video
20,17,facebook,FACEBOOK_RETARGET,2024-03-10 23:33:41,display
21,17,email,EMAIL_RETARGET,2024-04-18 00:19:29,video
22,17,email,EMAIL_SUMMER24,2024-02-16 06:29:32,social
23,17,facebook,FACEBOOK_WELCOME,2024-03-18 17:00:56,search
24,19,instagram,INSTAGRAM_BRAND,2024-06-29 19:34:09,search
25,19,facebook,FACEBOOK_BRAND,2024-06-07 10:15:37,video
26,22,google,GOOGLE_WELCOME,2023-08-23 17:04:14,display
27,22,instagram,INSTAGRAM_BRAND,2023-07-13 16:54:40,video
28,22,email,EMAIL_BRAND,2023-07-02 08:08:46,search
29,22,google,GOOGLE_RETARGET,2023-08-02 00:21:50,display
30,23,google,GOOGLE_RETARGET,2023-09-21 08:55:42,video
31,23,email,EMAIL_BRAND,2023-08-21 03:25:14,video
32,23,google,GOOGLE_RETARGET,2023-08-01 15:05:07,video
33,23,google,GOOGLE_RETARGET,2023-08-23 01:01:29,video
34,23,instagram,INSTAGRAM_RETARGET,2023-08-26 03:34:27,social
35,24,email,EMAIL_SPRING24,2024-04-01 20:56:24,display
36,24,instagram,INSTAGRAM_WELCOME,2024-03-09 15:41:37,search
37,24,facebook,FACEBOOK_BRAND,2024-02-10 09:27:21,video
38,24,facebook,FACEBOOK_RETARGET,2024-03-05 05:49:36,display
39,24,email,EMAIL_RETARGET,2024-04-20 05:46:13,video
40,25,google,GOOGLE_WELCOME,2023-08-31 16:02:51,display
41,25,facebook,FACEBOOK_RETARGET,2023-09-02 07:11:49,display
42,26,google,GOOGLE_SPRING24,2023-08-22 07:25:25,social
43,27,email,EMAIL_SUMMER24,2023-06-21 08:30:46,social
44,27,google,GOOGLE_SUMMER24,2023-07-09 00:31:22,display
45,27,google,GOOGLE_SPRING24,2023-07-06 22:40:46,video
46,27,facebook,FACEBOOK_BRAND,2023-08-17 03:02:42,social
47,29,google,GOOGLE_BRAND,2023-12-29 03:12:51,search
48,29,facebook,FACEBOOK_SUMMER24,2023-12-14 22:01:32,video
49,29,google,GOOGLE_WELCOME,2023-11-05 15:29:03,social
50,29,google,GOOGLE_RETARGET,2023-12-19 21:13:23,search
51,29,facebook,FACEBOOK_RETARGET,2023-12-29 11:36:39,social
52,32,google,GOOGLE_BRAND,2023-07-05 11:54:38,video
53,32,google,GOOGLE_RETARGET,2023-07-06 18:49:04,video
54,34,google,GOOGLE_RETARGET,2023-11-26 04:28:07,search
55,34,facebook,FACEBOOK_SPRING24,2023-11-04 09:49:12,video
56,34,email,EMAIL_WELCOME,2023-11-16 16:28:34,display
57,34,email,EMAIL_BRAND,2024-01-04 07:10:45,video
58,35,google,GOOGLE_RETARGET,2024-01-14 07:58:21,search
59,35,instagram,INSTAGRAM_SPRING24,2024-01-25 18:11:23,video
60,36,google,GOOGLE_BRAND,2023-09-20 20:15:44,video
61,36,facebook,FACEBOOK_WELCOME,2023-09-20 02:00:11,video
62,36,facebook,FACEBOOK_RETARGET,2023-09-07 22:53:52,search
63,36,facebook,FACEBOOK_RETARGET,2023-07-28 00:21:17,video
64,36,instagram,INSTAGRAM_BRAND,2023-08-31 21:48:33,social
65,38,facebook,FACEBOOK_BRAND,2023-07-19 05:31:59,search
66,38,instagram,INSTAGRAM_WELCOME,2023-08-31 18:49:16,social
67,40,email,EMAIL_BRAND,2023-11-29 07:36:15,search
68,40,google,GOOGLE_SPRING24,2023-11-06 01:04:10,display
69,41,google,GOOGLE_RETARGET,2023-08-30 05:12:41,social
70,41,google,GOOGLE_WELCOME,2023-08-11 03:23:02,search
71,42,instagram,INSTAGRAM_BRAND,2023-08-18 01:35:08,display
72,42,email,EMAIL_SUMMER24,2023-09-18 10:20:00,search
73,42,email,EMAIL_BRAND,2023-09-07 18:48:11,display
74,43,google,GOOGLE_SUMMER24,2024-03-28 09:44:24,display
75,43,instagram,INSTAGRAM_RETARGET,2024-04-10 14:54:14,video
76,43,facebook,FACEBOOK_SPRING24,2024-03-17 19:22:00,search
77,44,google,GOOGLE_SUMMER24,2024-01-26 05:27:48,video
78,44,instagram,INSTAGRAM_BRAND,2024-01-06 07:45:36,social
79,44,google,GOOGLE_SUMMER24,2023-12-25 21:15:45,social
80,44,email,EMAIL_RETARGET,2024-01-21 07:37:42,video
81,48,instagram,INSTAGRAM_WELCOME,2023-07-18 10:56:38,display
82,48,facebook,FACEBOOK_WELCOME,2023-07-25 18:46:44,search
83,48,google,GOOGLE_SPRING24,2023-06-27 03:37:45,display
84,49,email,EMAIL_SPRING24,2024-06-08 03:24:26,video
85,49,email,EMAIL_SUMMER24,2024-07-09 02:39:44,social
86,50,google,GOOGLE_SPRING24,2024-06-06 05:14:30,video
87,50,instagram,INSTAGRAM_SUMMER24,2024-05-30 18:42:11,video
88,50,google,GOOGLE_SPRING24,2024-05-15 13:23:39,display
89,50,email,EMAIL_SUMMER24,2024-05-30 11:04:26,display
90,52,facebook,FACEBOOK_WELCOME,2023-09-12 22:45:14,video
91,52,email,EMAIL_SUMMER24,2023-09-06 11:11:29,video
92,54,facebook,FACEBOOK_SPRING24,2024-05-18 15:19:11,video
93,54,email,EMAIL_SUMMER24,2024-05-14 03:29:27,search
94,54,instagram,INSTAGRAM_BRAND,2024-04-16 14:48:24,social
95,54,facebook,FACEBOOK_SPRING24,2024-03-27 19:55:40,search
96,55,google,GOOGLE_BRAND,2024-06-29 09:00:39,social
97,56,google,GOOGLE_RETARGET,2023-07-23 16:48:46,video
98,56,email,EMAIL_SUMMER24,2023-08-15 16:17:58,search
99,56,google,GOOGLE_SUMMER24,2023-07-30 18:35:44,social
100,56,instagram,INSTAGRAM_SPRING24,2023-08-02 10:03:30,display
101,57,google,GOOGLE_BRAND,2023-10-22 10:28:31,display
102,57,instagram,INSTAGRAM_BRAND,2023-12-13 15:21:32,social
103,57,facebook,FACEBOOK_SUMMER24,2023-12-22 12:42:49,search
104,59,facebook,FACEBOOK_RETARGET,2024-05-02 19:01:18,display
105,61,google,GOOGLE_SUMMER24,2024-01-17 02:00:55,video
106,61,facebook,FACEBOOK_WELCOME,2023-12-17 01:43:01,video
107,64,facebook,FACEBOOK_BRAND,2023-10-17 16:21:28,display
108,64,facebook,FACEBOOK_BRAND,2023-10-27 18:20:03,display
109,64,google,GOOGLE_RETARGET,2023-11-13 09:44:17,search
110,64,google,GOOGLE_RETARGET,2023-10-07 00:33:02,search
111,67,facebook,FACEBOOK_SUMMER24,2024-03-26 04:24:01,display
112,67,instagram,INSTAGRAM_WELCOME,2024-04-18 23:16:01,social
113,67,google,GOOGLE_RETARGET,2024-03-31 12:37:28,display
114,68,email,EMAIL_SPRING24,2024-02-04 14:40:10,display
115,68,instagram,INSTAGRAM_WELCOME,2024-02-14 20:28:39,social
116,68,google,GOOGLE_SPRING24,2024-02-01 21:30:15,social
117,70,facebook,FACEBOOK_BRAND,2023-10-01 18:12:13,search
118,70,facebook,FACEBOOK_BRAND,2023-11-09 00:13:47,display
119,70,facebook,FACEBOOK_WELCOME,2023-10-29 15:01:12,display
120,70,instagram,INSTAGRAM_SPRING24,2023-09-14 06:03:16,social
121,74,email,EMAIL_SPRING24,2023-08-02 01:00:15,video
122,74,instagram,INSTAGRAM_SUMMER24,2023-06-06 10:43:31,social
123,74,facebook,FACEBOOK_SUMMER24,2023-06-30 17:59:13,video
124,74,google,GOOGLE_WELCOME,2023-06-07 12:20:02,video
125,74,email,EMAIL_WELCOME,2023-07-08 20:40:32,video
126,75,google,GOOGLE_WELCOME,2024-05-14 04:04:19,search
127,75,facebook,FACEBOOK_WELCOME,2024-04-11 14:07:05,video
128,75,instagram,INSTAGRAM_SPRING24,2024-04-30 03:41:56,display
129,76,instagram,INSTAGRAM_WELCOME,2024-02-17 05:13:02,search
130,76,email,EMAIL_RETARGET,2024-02-19 09:27:31,video
131,76,google,GOOGLE_SUMMER24,2024-03-11 18:46:09,display
132,78,facebook,FACEBOOK_SPRING24,2024-04-20 11:10:11,social
133,78,google,GOOGLE_BRAND,2024-05-23 11:34:30,search
134,78,email,EMAIL_SPRING24,2024-04-30 01:58:39,social
135,78,facebook,FACEBOOK_BRAND,2024-05-01 09:27:57,video
136,78,instagram,INSTAGRAM_WELCOME,2024-05-24 09:05:11,social
137,79,instagram,INSTAGRAM_WELCOME,2023-09-30 11:02:46,search
138,79,instagram,INSTAGRAM_RETARGET,2023-11-08 01:53:32,search
139,80,facebook,FACEBOOK_RETARGET,2024-03-14 06:40:52,video
140,81,instagram,INSTAGRAM_RETARGET,2023-11-03 16:30:15,search
141,81,email,EMAIL_WELCOME,2023-09-04 21:35:09,social
142,81,google,GOOGLE_SPRING24,2023-10-27 07:57:12,search
143,82,email,EMAIL_SPRING24,2023-08-05 01:13:47,display
144,82,facebook,FACEBOOK_SUMMER24,2023-08-04 06:33:16,display
145,82,facebook,FACEBOOK_RETARGET,2023-07-21 08:07:06,search
146,82,google,GOOGLE_BRAND,2023-07-07 07:49:57,video
147,82,email,EMAIL_RETARGET,2023-07-27 20:40:44,display
148,83,facebook,FACEBOOK_SPRING24,2024-04-22 16:40:33,search
149,83,email,EMAIL_SPRING24,2024-03-19 05:48:01,display
150,83,facebook,FACEBOOK_BRAND,2024-05-03 13:50:39,search
151,83,facebook,FACEBOOK_RETARGET,2024-04-17 00:49:06,display
152,83,instagram,INSTAGRAM_RETARGET,2024-04-22 11:30:22,display
153,86,email,EMAIL_BRAND,2023-12-04 13:08:10,social
154,86,instagram,INSTAGRAM_BRAND,2023-10-13 23:17:31,search
155,86,google,GOOGLE_BRAND,2023-11-18 14:27:14,social
156,86,email,EMAIL_RETARGET,2023-10-22 15:25:06,video
157,86,google,GOOGLE_SPRING24,2023-10-04 19:21:38,search
158,87,instagram,INSTAGRAM_WELCOME,2024-04-28 23:46:08,social
159,87,instagram,INSTAGRAM_WELCOME,2024-05-16 06:30:36,social
160,87,google,GOOGLE_RETARGET,2024-04-12 01:44:31,search
161,87,facebook,FACEBOOK_RETARGET,2024-05-27 19:44:36,video
162,87,instagram,INSTAGRAM_WELCOME,2024-05-08 19:11:44,video
163,88,google,GOOGLE_RETARGET,2024-04-01 09:52:38,display
164,88,instagram,INSTAGRAM_SUMMER24,2024-05-08 04:56:23,social
165,88,facebook,FACEBOOK_BRAND,2024-04-23 06:21:27,social
166,88,google,GOOGLE_RETARGET,2024-04-27 19:43:32,search
167,89,facebook,FACEBOOK_RETARGET,2023-11-02 21:41:47,social
168,89,google,GOOGLE_RETARGET,2023-10-30 14:56:14,search
169,89,instagram,INSTAGRAM_SUMMER24,2023-11-10 06:20:32,social
170,91,email,EMAIL_SPRING24,2024-03-28 08:39:53,search
171,91,email,EMAIL_SPRING24,2024-05-07 01:28:36,video
172,92,google,GOOGLE_RETARGET,2023-08-21 13:44:57,video
173,93,facebook,FACEBOOK_SUMMER24,2024-03-03 21:08:36,social
174,93,google,GOOGLE_SUMMER24,2024-03-16 21:10:26,video
175,94,instagram,INSTAGRAM_SUMMER24,2023-10-18 03:13:29,social
176,94,google,GOOGLE_SUMMER24,2023-10-25 17:13:05,video
177,94,facebook,FACEBOOK_RETARGET,2023-08-28 22:29:21,social
178,94,facebook,FACEBOOK_RETARGET,2023-09-08 11:28:24,video
179,94,instagram,INSTAGRAM_SPRING24,2023-09-19 22:25:14,social
180,96,google,GOOGLE_SUMMER24,2024-04-29 02:36:30,video
181,96,facebook,FACEBOOK_WELCOME,2024-03-05 13:01:23,search
182,96,google,GOOGLE_WELCOME,2024-04-09 10:20:45,search
183,96,instagram,INSTAGRAM_SPRING24,2024-04-21 13:47:33,video
184,96,instagram,INSTAGRAM_WELCOME,2024-05-01 02:07:07,social
185,97,facebook,FACEBOOK_SPRING24,2024-02-27 11:15:34,display
186,97,google,GOOGLE_RETARGET,2024-04-03 07:29:30,social
187,97,facebook,FACEBOOK_RETARGET,2024-03-01 13:13:19,social
188,97,instagram,INSTAGRAM_BRAND,2024-03-20 04:12:32,social
189,100,facebook,FACEBOOK_BRAND,2023-10-07 18:44:24,display
190,100,facebook,FACEBOOK_RETARGET,2023-11-27 22:57:29,display
191,102,email,EMAIL_SPRING24,2023-08-30 10:29:04,video
192,102,facebook,FACEBOOK_BRAND,2023-07-06 11:24:55,video
193,102,google,GOOGLE_WELCOME,2023-08-22 19:02:08,search
194,102,instagram,INSTAGRAM_RETARGET,2023-07-18 19:45:56,social
195,103,instagram,INSTAGRAM_WELCOME,2024-04-08 04:04:19,social
196,105,facebook,FACEBOOK_RETARGET,2023-06-23 11:41:20,video
197,105,instagram,INSTAGRAM_RETARGET,2023-08-26 01:06:19,display
198,105,email,EMAIL_RETARGET,2023-08-06 01:09:34,social
199,107,email,EMAIL_SUMMER24,2024-03-27 08:23:01,display
200,107,email,EMAIL_SPRING24,2024-03-05 11:23:00,display
201,108,email,EMAIL_SUMMER24,2023-08-09 10:34:34,search
202,108,google,GOOGLE_SUMMER24,2023-08-25 05:13:30,video
203,109,instagram,INSTAGRAM_WELCOME,2024-02-16 05:05:34,display
204,109,google,GOOGLE_RETARGET,2024-02-11 23:14:15,display
205,109,email,EMAIL_SPRING24,2024-02-15 00:04:00,display
206,109,google,GOOGLE_SUMMER24,2024-02-06 04:14:28,display
207,109,facebook,FACEBOOK_BRAND,2024-01-09 12:16:30,video
208,110,email,EMAIL_RETARGET,2023-12-16 22:16:18,search
209,110,google,GOOGLE_RETARGET,2023-12-29 14:11:04,video
210,110,google,GOOGLE_BRAND,2024-02-22 09:37:32,video
211,110,facebook,FACEBOOK_SUMMER24,2024-02-18 07:10:44,display
212,110,facebook,FACEBOOK_BRAND,2024-02-23 14:47:30,search
213,113,google,GOOGLE_RETARGET,2023-08-18 06:19:52,display
214,113,facebook,FACEBOOK_RETARGET,2023-08-11 23:31:56,display
215,113,facebook,FACEBOOK_SUMMER24,2023-08-01 21:16:58,video
216,115,email,EMAIL_SPRING24,2023-11-07 04:10:56,social
217,115,instagram,INSTAGRAM_RETARGET,2023-11-17 07:04:52,search
218,115,facebook,FACEBOOK_SPRING24,2023-11-05 16:29:35,search
219,116,google,GOOGLE_SPRING24,2024-06-08 15:36:52,video
220,116,google,GOOGLE_WELCOME,2024-05-13 06:47:05,social
221,117,instagram,INSTAGRAM_SUMMER24,2023-11-10 00:06:42,social
222,117,email,EMAIL_SPRING24,2023-11-22 04:18:10,search
223,117,google,GOOGLE_RETARGET,2023-12-11 17:55:37,social
224,117,facebook,FACEBOOK_WELCOME,2023-11-17 05:12:37,social
225,118,email,EMAIL_BRAND,2023-11-25 06:23:36,search
226,118,instagram,INSTAGRAM_RETARGET,2024-01-10 14:43:05,search
227,118,instagram,INSTAGRAM_SPRING24,2023-12-27 07:12:01,search
228,118,instagram,INSTAGRAM_RETARGET,2023-11-04 11:56:04,social
229,119,email,EMAIL_SPRING24,2023-12-23 01:21:32,video
230,119,email,EMAIL_SUMMER24,2024-02-15 14:49:48,social
231,119,email,EMAIL_BRAND,2024-01-01 23:30:54,display
232,119,facebook,FACEBOOK_BRAND,2024-02-14 01:21:17,video
233,122,google,GOOGLE_RETARGET,2024-03-27 19:10:15,display
234,122,instagram,INSTAGRAM_SUMMER24,2024-03-02 23:00:09,search
235,122,email,EMAIL_SPRING24,2024-03-10 01:37:20,social
236,122,email,EMAIL_BRAND,2024-04-09 10:10:28,display
237,124,instagram,INSTAGRAM_RETARGET,2023-12-14 02:55:28,social
238,124,google,GOOGLE_SUMMER24,2024-01-08 04:03:29,search
239,124,facebook,FACEBOOK_SPRING24,2024-01-02 23:45:26,video
240,124,instagram,INSTAGRAM_SUMMER24,2024-01-20 07:18:38,social
241,125,instagram,INSTAGRAM_SPRING24,2024-04-18 03:36:55,search
242,125,google,GOOGLE_BRAND,2024-02-14 15:06:46,display
243,125,instagram,INSTAGRAM_BRAND,2024-04-12 18:24:57,display
244,126,google,GOOGLE_RETARGET,2024-07-13 22:36:58,display
245,130,facebook,FACEBOOK_SPRING24,2024-03-27 18:08:53,search
246,131,google,GOOGLE_RETARGET,2024-05-12 08:38:48,social
247,132,email,EMAIL_BRAND,2023-06-26 16:48:14,social
248,132,email,EMAIL_BRAND,2023-08-14 22:22:20,search
249,133,instagram,INSTAGRAM_RETARGET,2024-02-11 05:03:00,display
250,133,google,GOOGLE_WELCOME,2024-02-13 07:19:18,display
251,134,google,GOOGLE_RETARGET,2024-01-13 17:17:35,display
252,134,email,EMAIL_BRAND,2024-01-23 23:25:56,social
253,134,facebook,FACEBOOK_SPRING24,2024-01-16 09:32:36,social
254,134,facebook,FACEBOOK_WELCOME,2024-01-18 08:07:09,social
255,134,email,EMAIL_SUMMER24,2024-03-08 13:28:15,video
256,137,facebook,FACEBOOK_BRAND,2023-10-07 20:43:30,search
257,138,email,EMAIL_WELCOME,2023-11-07 10:55:46,search
258,138,instagram,INSTAGRAM_SUMMER24,2023-11-14 09:17:12,search
259,138,email,EMAIL_WELCOME,2023-10-11 02:23:34,social
260,138,facebook,FACEBOOK_WELCOME,2023-11-22 16:51:15,video
261,138,instagram,INSTAGRAM_SUMMER24,2023-10-17 03:31:53,display
262,139,google,GOOGLE_WELCOME,2024-04-11 20:39:19,video
263,139,instagram,INSTAGRAM_SPRING24,2024-04-27 01:32:53,social
264,139,facebook,FACEBOOK_SUMMER24,2024-03-24 06:53:57,search
265,139,facebook,FACEBOOK_RETARGET,2024-05-13 17:52:27,search
266,141,email,EMAIL_RETARGET,2023-08-30 09:49:23,display
267,141,email,EMAIL_SPRING24,2023-09-04 22:12:45,social
268,141,email,EMAIL_SPRING24,2023-07-28 02:03:29,search
269,141,google,GOOGLE_WELCOME,2023-07-23 23:25:49,social
270,141,email,EMAIL_BRAND,2023-08-23 11:33:56,display
271,142,google,GOOGLE_BRAND,2024-07-03 17:02:54,display
272,142,instagram,INSTAGRAM_BRAND,2024-05-25 19:02:01,search
273,142,instagram,INSTAGRAM_SPRING24,2024-05-21 20:36:26,social
274,142,instagram,INSTAGRAM_WELCOME,2024-06-17 09:25:36,social
275,142,email,EMAIL_SUMMER24,2024-05-07 20:48:55,video
276,143,facebook,FACEBOOK_RETARGET,2024-01-09 23:21:12,display
277,143,google,GOOGLE_SPRING24,2023-12-19 14:19:40,display
278,145,instagram,INSTAGRAM_RETARGET,2024-04-15 03:02:23,search
279,150,facebook,FACEBOOK_WELCOME,2023-10-23 08:24:22,search
280,150,facebook,FACEBOOK_SPRING24,2023-10-27 08:53:57,search
281,152,google,GOOGLE_SPRING24,2024-04-17 09:06:30,video
282,152,email,EMAIL_WELCOME,2024-02-24 10:16:23,video
283,152,email,EMAIL_SUMMER24,2024-03-14 16:30:20,display
284,153,facebook,FACEBOOK_BRAND,2023-11-05 10:43:13,search
285,153,google,GOOGLE_BRAND,2023-11-29 20:53:02,video
286,153,instagram,INSTAGRAM_RETARGET,2023-10-13 21:29:40,social
287,155,email,EMAIL_SPRING24,2023-08-04 12:30:24,social
288,155,facebook,FACEBOOK_RETARGET,2023-07-22 20:19:17,display
289,155,instagram,INSTAGRAM_RETARGET,2023-08-21 16:19:18,video
290,155,instagram,INSTAGRAM_RETARGET,2023-07-13 17:30:59,display
291,156,google,GOOGLE_WELCOME,2024-04-15 08:27:21,social
292,156,facebook,FACEBOOK_RETARGET,2024-03-27 17:18:53,search
293,156,email,EMAIL_BRAND,2024-04-24 06:37:05,search
294,156,instagram,INSTAGRAM_WELCOME,2024-04-28 10:18:07,social
295,157,instagram,INSTAGRAM_SPRING24,2024-01-26 16:13:14,video
296,157,google,GOOGLE_SPRING24,2024-01-09 18:06:32,video
297,157,facebook,FACEBOOK_RETARGET,2024-02-21 21:39:23,display
298,160,google,GOOGLE_BRAND,2023-09-13 08:38:23,video
299,160,email,EMAIL_SUMMER24,2023-09-05 10:15:24,display
300,160,facebook,FACEBOOK_WELCOME,2023-08-22 19:21:44,social
301,160,email,EMAIL_BRAND,2023-09-09 15:28:29,video
302,161,google,GOOGLE_SPRING24,2023-12-29 13:06:04,social
303,161,email,EMAIL_SUMMER24,2023-12-29 18:50:50,video
304,161,facebook,FACEBOOK_SPRING24,2024-01-27 02:25:13,search
305,162,instagram,INSTAGRAM_BRAND,2024-06-02 19:03:03,display
306,162,facebook,FACEBOOK_SPRING24,2024-05-31 22:16:35,search
307,162,facebook,FACEBOOK_SUMMER24,2024-05-04 15:36:59,search
308,162,instagram,INSTAGRAM_SUMMER24,2024-07-01 22:58:54,video
309,163,facebook,FACEBOOK_RETARGET,2024-03-05 21:17:40,display
310,163,email,EMAIL_SUMMER24,2024-02-21 11:03:06,social
311,163,email,EMAIL_WELCOME,2024-01-29 06:58:13,search
312,163,google,GOOGLE_SPRING24,2024-01-18 14:11:22,video
313,165,facebook,FACEBOOK_BRAND,2023-12-27 02:10:27,search
314,166,email,EMAIL_SPRING24,2023-12-08 02:21:41,social
315,168,instagram,INSTAGRAM_BRAND,2024-02-19 08:10:03,search
316,168,facebook,FACEBOOK_WELCOME,2024-02-06 08:02:45,search
317,168,instagram,INSTAGRAM_SPRING24,2024-02-01 10:07:36,display
318,168,facebook,FACEBOOK_WELCOME,2024-01-16 19:18:17,video
319,168,facebook,FACEBOOK_BRAND,2024-01-08 03:24:18,search
320,169,instagram,INSTAGRAM_RETARGET,2023-07-07 16:04:32,social
321,170,instagram,INSTAGRAM_RETARGET,2024-02-12 05:28:32,display
322,170,facebook,FACEBOOK_SPRING24,2024-02-28 22:18:36,video
323,170,facebook,FACEBOOK_SUMMER24,2024-02-04 17:52:26,search
324,170,facebook,FACEBOOK_SUMMER24,2024-02-05 21:40:09,video
325,170,facebook,FACEBOOK_RETARGET,2024-01-29 16:18:14,search
326,171,email,EMAIL_RETARGET,2024-03-21 11:24:32,search
327,171,email,EMAIL_BRAND,2024-03-22 09:19:52,social
328,171,email,EMAIL_SUMMER24,2024-03-27 05:45:59,search
329,175,email,EMAIL_BRAND,2023-11-27 00:07:49,video
330,175,email,EMAIL_SPRING24,2023-11-06 04:21:24,display
331,175,facebook,FACEBOOK_BRAND,2023-11-19 14:03:55,video
332,175,instagram,INSTAGRAM_WELCOME,2023-11-01 15:22:01,social
333,175,facebook,FACEBOOK_WELCOME,2023-11-26 17:39:21,search
334,176,email,EMAIL_SPRING24,2024-02-17 12:34:45,display
335,176,instagram,INSTAGRAM_SUMMER24,2024-01-29 06:40:40,social
336,177,facebook,FACEBOOK_SPRING24,2023-08-03 07:08:45,video
337,177,facebook,FACEBOOK_SUMMER24,2023-08-02 13:35:24,video
338,177,instagram,INSTAGRAM_RETARGET,2023-08-11 03:44:14,display
339,177,facebook,FACEBOOK_WELCOME,2023-07-18 23:48:33,display
340,177,facebook,FACEBOOK_WELCOME,2023-08-28 06:00:36,social
341,178,facebook,FACEBOOK_BRAND,2023-09-29 07:44:59,search
342,178,google,GOOGLE_WELCOME,2023-09-23 04:49:22,display
343,178,email,EMAIL_RETARGET,2023-08-19 19:35:00,display
344,178,email,EMAIL_WELCOME,2023-09-13 15:22:31,search
345,180,instagram,INSTAGRAM_RETARGET,2023-09-14 23:52:45,display
346,180,instagram,INSTAGRAM_BRAND,2023-09-05 20:57:00,social
347,180,email,EMAIL_RETARGET,2023-10-19 11:26:50,video
348,180,facebook,FACEBOOK_SUMMER24,2023-08-28 03:43:19,display
349,180,facebook,FACEBOOK_WELCOME,2023-10-14 00:09:20,social
350,181,email,EMAIL_SPRING24,2024-01-07 04:34:52,display
351,181,email,EMAIL_SUMMER24,2024-01-04 06:07:31,video
352,181,instagram,INSTAGRAM_WELCOME,2024-01-06 00:25:44,social
353,181,email,EMAIL_WELCOME,2023-11-16 18:01:48,display
354,182,instagram,INSTAGRAM_SUMMER24,2023-12-19 23:22:42,display
355,183,facebook,FACEBOOK_BRAND,2024-01-17 13:39:59,display
356,185,google,GOOGLE_RETARGET,2023-12-21 15:05:07,video
357,185,facebook,FACEBOOK_SUMMER24,2023-12-26 01:06:52,social
358,185,google,GOOGLE_WELCOME,2023-12-14 09:29:10,display
359,185,google,GOOGLE_SPRING24,2023-11-06 21:47:26,social
360,185,facebook,FACEBOOK_RETARGET,2023-11-24 09:50:50,social
361,187,google,GOOGLE_SUMMER24,2023-11-14 20:35:57,search
362,187,facebook,FACEBOOK_BRAND,2023-11-18 00:36:16,search
363,187,instagram,INSTAGRAM_RETARGET,2023-10-08 05:38:37,social
364,187,email,EMAIL_BRAND,2023-11-29 09:35:08,social
365,188,instagram,INSTAGRAM_WELCOME,2024-05-12 01:46:25,search
366,188,instagram,INSTAGRAM_BRAND,2024-04-10 07:26:15,social
367,188,google,GOOGLE_WELCOME,2024-04-12 22:51:35,social
368,188,facebook,FACEBOOK_RETARGET,2024-05-10 04:55:25,video
369,188,google,GOOGLE_RETARGET,2024-05-01 21:56:34,display
370,189,google,GOOGLE_BRAND,2023-12-06 03:03:09,video
371,189,instagram,INSTAGRAM_SUMMER24,2024-01-07 22:44:39,social
372,189,instagram,INSTAGRAM_SUMMER24,2023-11-21 01:18:32,display
373,194,instagram,INSTAGRAM_SPRING24,2024-05-05 05:40:41,display
374,197,instagram,INSTAGRAM_WELCOME,2023-11-09 18:02:46,social
375,197,google,GOOGLE_SUMMER24,2023-10-07 11:59:26,display
376,197,facebook,FACEBOOK_RETARGET,2023-11-26 14:03:45,search
377,200,facebook,FACEBOOK_WELCOME,2024-03-13 16:30:35,display
378,201,facebook,FACEBOOK_SUMMER24,2024-05-15 21:04:09,display
379,201,instagram,INSTAGRAM_WELCOME,2024-03-26 21:47:59,display
380,201,facebook,FACEBOOK_BRAND,2024-05-21 01:55:33,video
381,203,google,GOOGLE_BRAND,2023-09-27 18:12:06,social
382,203,facebook,FACEBOOK_SPRING24,2023-08-04 23:54:49,display
383,203,facebook,FACEBOOK_WELCOME,2023-08-31 08:25:20,search
384,204,google,GOOGLE_SPRING24,2024-03-05 07:07:27,social
385,204,instagram,INSTAGRAM_SPRING24,2024-02-25 14:02:15,video
386,204,facebook,FACEBOOK_SUMMER24,2024-03-13 18:22:21,social
387,204,email,EMAIL_SPRING24,2024-02-08 12:00:24,display
388,204,google,GOOGLE_SPRING24,2024-03-03 21:20:54,video
389,208,instagram,INSTAGRAM_RETARGET,2023-11-13 15:31:17,display
390,208,facebook,FACEBOOK_BRAND,2023-09-25 07:58:24,search
391,208,facebook,FACEBOOK_RETARGET,2023-11-11 21:14:02,search
392,208,email,EMAIL_SPRING24,2023-10-28 19:16:00,video
393,208,facebook,FACEBOOK_WELCOME,2023-10-23 15:04:42,video
394,209,google,GOOGLE_SUMMER24,2023-07-07 06:04:32,display
395,212,google,GOOGLE_WELCOME,2024-04-08 14:23:52,social
396,212,google,GOOGLE_SUMMER24,2024-05-29 04:31:56,display
397,213,google,GOOGLE_BRAND,2023-11-02 11:04:37,search
398,213,email,EMAIL_WELCOME,2023-10-30 03:54:12,social
399,213,facebook,FACEBOOK_SPRING24,2023-09-09 17:02:44,display
400,213,google,GOOGLE_BRAND,2023-10-30 00:48:43,video
401,213,facebook,FACEBOOK_SUMMER24,2023-09-01 04:44:13,social
402,214,facebook,FACEBOOK_SPRING24,2023-10-27 21:08:23,search
403,214,facebook,FACEBOOK_RETARGET,2023-09-02 00:13:52,search
404,214,google,GOOGLE_WELCOME,2023-10-04 18:33:01,display
405,214,google,GOOGLE_SPRING24,2023-10-04 07:21:31,video
406,214,google,GOOGLE_BRAND,2023-10-24 08:36:18,display
407,217,google,GOOGLE_SPRING24,2023-08-29 22:00:52,video
408,220,instagram,INSTAGRAM_BRAND,2024-03-24 23:14:56,social
409,220,google,GOOGLE_RETARGET,2024-04-09 06:04:45,display
410,221,email,EMAIL_WELCOME,2023-12-30 12:50:42,display
411,221,email,EMAIL_RETARGET,2024-01-22 21:58:14,social
412,221,facebook,FACEBOOK_WELCOME,2024-01-26 08:51:25,search
413,221,facebook,FACEBOOK_SPRING24,2023-11-29 04:50:25,search
414,221,facebook,FACEBOOK_SPRING24,2024-01-26 19:58:47,search
415,222,email,EMAIL_BRAND,2023-11-12 05:58:25,display
416,222,google,GOOGLE_WELCOME,2023-09-17 23:22:25,search
417,227,google,GOOGLE_RETARGET,2023-09-29 01:35:24,search
418,227,google,GOOGLE_SPRING24,2023-10-23 21:50:21,social
419,227,instagram,INSTAGRAM_RETARGET,2023-11-05 17:46:27,search
420,227,facebook,FACEBOOK_SUMMER24,2023-10-17 15:40:30,video
421,228,google,GOOGLE_RETARGET,2023-11-05 05:47:14,display
422,228,instagram,INSTAGRAM_BRAND,2024-01-10 13:06:58,display
423,228,email,EMAIL_SPRING24,2023-11-02 01:16:16,social
424,228,google,GOOGLE_BRAND,2024-01-02 04:11:49,search
425,229,instagram,INSTAGRAM_SUMMER24,2023-11-23 21:43:40,display
426,229,email,EMAIL_WELCOME,2024-01-14 23:42:30,search
427,230,facebook,FACEBOOK_BRAND,2024-02-08 14:15:20,video
428,230,email,EMAIL_WELCOME,2023-12-26 21:29:05,display
429,230,email,EMAIL_SUMMER24,2024-01-28 08:36:33,video
430,230,instagram,INSTAGRAM_BRAND,2024-01-23 04:42:43,video
431,230,instagram,INSTAGRAM_BRAND,2024-02-07 20:33:47,social
432,232,google,GOOGLE_BRAND,2024-01-28 12:53:35,search
433,236,facebook,FACEBOOK_RETARGET,2024-01-21 11:16:44,search
434,236,facebook,FACEBOOK_BRAND,2024-01-01 05:50:05,search
435,237,facebook,FACEBOOK_SUMMER24,2023-11-30 13:40:34,video
436,237,google,GOOGLE_SPRING24,2023-11-20 13:37:47,social
437,237,facebook,FACEBOOK_RETARGET,2023-12-06 09:22:20,social
438,237,instagram,INSTAGRAM_BRAND,2023-11-11 13:07:33,social
439,237,email,EMAIL_WELCOME,2023-11-09 01:17:09,search
440,240,email,EMAIL_SPRING24,2023-10-07 12:48:25,video
441,240,email,EMAIL_SUMMER24,2023-09-18 20:43:19,display
442,240,instagram,INSTAGRAM_WELCOME,2023-10-29 12:32:38,video
443,240,email,EMAIL_RETARGET,2023-11-09 22:50:56,search
444,241,instagram,INSTAGRAM_SPRING24,2023-07-20 10:25:22,display
445,241,instagram,INSTAGRAM_WELCOME,2023-06-26 09:50:27,display
446,241,email,EMAIL_SUMMER24,2023-07-21 13:16:09,display
447,246,google,GOOGLE_SPRING24,2023-08-22 21:28:35,social
448,246,google,GOOGLE_SUMMER24,2023-08-23 10:17:43,search
449,246,google,GOOGLE_BRAND,2023-07-24 06:35:09,video
450,246,google,GOOGLE_WELCOME,2023-08-24 16:29:24,social
451,246,instagram,INSTAGRAM_RETARGET,2023-08-18 20:57:05,social
452,248,facebook,FACEBOOK_RETARGET,2023-12-14 09:45:47,social
453,248,email,EMAIL_RETARGET,2023-11-18 06:14:37,display
454,248,google,GOOGLE_SUMMER24,2023-11-21 16:49:57,social
455,248,instagram,INSTAGRAM_WELCOME,2023-12-31 11:35:55,social
456,251,google,GOOGLE_SPRING24,2024-05-27 10:59:52,video
457,251,google,GOOGLE_SPRING24,2024-04-16 23:12:36,search
458,251,facebook,FACEBOOK_SUMMER24,2024-06-17 18:33:26,search
459,251,facebook,FACEBOOK_BRAND,2024-04-30 20:10:08,search
460,253,facebook,FACEBOOK_SPRING24,2023-12-19 21:20:10,search
461,253,facebook,FACEBOOK_RETARGET,2023-12-25 09:35:11,video
462,253,instagram,INSTAGRAM_SPRING24,2023-12-05 03:21:39,social
463,256,instagram,INSTAGRAM_SPRING24,2023-10-20 20:31:28,display
464,256,instagram,INSTAGRAM_SPRING24,2023-11-10 12:10:19,display
465,256,facebook,FACEBOOK_RETARGET,2023-10-08 19:28:39,social
466,256,google,GOOGLE_SUMMER24,2023-12-14 05:16:31,social
467,256,instagram,INSTAGRAM_BRAND,2023-11-22 06:49:39,social
468,257,google,GOOGLE_SPRING24,2024-01-26 10:06:57,search
469,257,email,EMAIL_BRAND,2023-12-29 04:47:17,social
470,257,instagram,INSTAGRAM_SPRING24,2024-02-19 14:37:52,social
471,257,instagram,INSTAGRAM_WELCOME,2023-12-30 00:38:44,social
472,259,instagram,INSTAGRAM_SUMMER24,2023-07-17 12:41:50,display
473,259,email,EMAIL_WELCOME,2023-08-26 14:04:06,search
474,259,email,EMAIL_WELCOME,2023-06-28 05:17:27,video
475,259,google,GOOGLE_SPRING24,2023-08-03 03:35:28,display
476,259,google,GOOGLE_RETARGET,2023-07-25 20:09:59,video
477,260,instagram,INSTAGRAM_WELCOME,2024-03-06 14:44:07,video
478,260,instagram,INSTAGRAM_SPRING24,2024-02-02 01:08:29,search
479,260,facebook,FACEBOOK_BRAND,2024-03-19 09:28:48,video
480,260,email,EMAIL_WELCOME,2024-01-26 01:32:08,search
481,264,google,GOOGLE_RETARGET,2024-05-22 10:26:30,display
482,265,instagram,INSTAGRAM_RETARGET,2023-12-15 23:47:03,search
483,265,facebook,FACEBOOK_SPRING24,2023-11-25 16:49:52,social
484,265,instagram,INSTAGRAM_BRAND,2024-01-12 09:50:39,social
485,265,instagram,INSTAGRAM_SUMMER24,2023-11-27 03:42:49,video
486,265,instagram,INSTAGRAM_SUMMER24,2023-12-18 20:32:46,video
487,267,instagram,INSTAGRAM_RETARGET,2024-01-05 09:38:54,search
488,267,google,GOOGLE_SUMMER24,2024-01-15 07:06:27,display
489,267,email,EMAIL_WELCOME,2023-12-04 00:53:05,search
490,267,email,EMAIL_RETARGET,2023-12-17 04:23:03,display
491,267,instagram,INSTAGRAM_BRAND,2023-11-28 15:00:58,video
492,270,google,GOOGLE_BRAND,2023-08-25 03:16:27,social
493,270,google,GOOGLE_RETARGET,2023-07-17 17:05:15,display
494,270,email,EMAIL_SPRING24,2023-07-21 21:18:23,display
495,270,email,EMAIL_WELCOME,2023-08-08 19:41:46,social
496,270,google,GOOGLE_SPRING24,2023-08-16 16:44:16,video
497,271,instagram,INSTAGRAM_WELCOME,2023-12-26 22:22:19,video
498,271,instagram,INSTAGRAM_RETARGET,2024-01-22 12:47:12,video
499,271,instagram,INSTAGRAM_SUMMER24,2024-01-22 13:17:14,video
500,271,email,EMAIL_WELCOME,2023-12-30 18:33:55,search
501,271,google,GOOGLE_SPRING24,2023-12-27 00:44:10,search
502,272,facebook,FACEBOOK_WELCOME,2023-11-03 18:24:48,video
503,273,google,GOOGLE_BRAND,2023-12-05 13:31:07,display
504,274,facebook,FACEBOOK_RETARGET,2024-07-12 04:15:26,search
505,274,google,GOOGLE_BRAND,2024-06-24 09:22:10,search
506,276,email,EMAIL_WELCOME,2024-05-28 18:12:58,video
507,277,instagram,INSTAGRAM_RETARGET,2024-06-27 23:39:58,display
508,277,instagram,INSTAGRAM_RETARGET,2024-06-12 07:59:16,video
509,280,email,EMAIL_SPRING24,2024-02-13 16:03:40,display
510,281,google,GOOGLE_BRAND,2024-05-24 01:44:42,search
511,281,email,EMAIL_BRAND,2024-06-15 00:46:25,video
512,282,google,GOOGLE_BRAND,2024-03-06 15:08:55,video
513,282,instagram,INSTAGRAM_BRAND,2024-01-20 01:50:11,video
514,282,email,EMAIL_RETARGET,2024-02-27 20:33:44,social
515,282,email,EMAIL_RETARGET,2024-02-15 02:00:05,video
516,284,instagram,INSTAGRAM_WELCOME,2023-08-16 21:54:34,search
517,284,email,EMAIL_SUMMER24,2023-08-19 20:25:56,search
518,284,email,EMAIL_WELCOME,2023-09-03 19:48:42,social
519,284,facebook,FACEBOOK_BRAND,2023-07-28 19:50:01,display
520,285,email,EMAIL_RETARGET,2024-03-01 06:23:23,social
521,285,google,GOOGLE_SUMMER24,2024-02-04 06:00:43,social
522,285,facebook,FACEBOOK_SUMMER24,2024-03-07 07:47:16,display
523,285,email,EMAIL_SUMMER24,2024-02-21 23:03:31,search
524,285,facebook,FACEBOOK_SPRING24,2024-04-03 06:40:14,video
525,286,instagram,INSTAGRAM_WELCOME,2023-08-24 02:03:37,video
526,286,email,EMAIL_SUMMER24,2023-07-26 17:27:09,video
527,286,google,GOOGLE_RETARGET,2023-06-21 16:00:37,social
528,286,google,GOOGLE_RETARGET,2023-09-02 12:46:33,video
529,287,instagram,INSTAGRAM_SUMMER24,2023-10-16 06:35:34,video
530,287,email,EMAIL_RETARGET,2023-09-22 15:56:53,search
531,287,google,GOOGLE_SUMMER24,2023-10-02 00:25:13,social
532,287,facebook,FACEBOOK_RETARGET,2023-11-04 00:39:52,display
533,288,email,EMAIL_RETARGET,2023-09-16 23:03:03,video
534,288,facebook,FACEBOOK_RETARGET,2023-09-15 10:11:24,search
535,288,facebook,FACEBOOK_WELCOME,2023-09-18 23:04:05,video
536,289,email,EMAIL_SUMMER24,2024-04-16 03:09:05,video
537,289,facebook,FACEBOOK_SUMMER24,2024-03-24 15:01:14,search
538,289,facebook,FACEBOOK_SUMMER24,2024-04-13 21:35:52,social
539,291,facebook,FACEBOOK_RETARGET,2024-03-29 18:07:42,display
540,292,facebook,FACEBOOK_SUMMER24,2023-12-07 19:27:27,social
541,292,facebook,FACEBOOK_RETARGET,2023-11-10 19:17:12,display
542,292,facebook,FACEBOOK_SUMMER24,2023-12-03 10:22:32,video
543,292,facebook,FACEBOOK_SPRING24,2024-01-20 10:47:48,video
544,292,instagram,INSTAGRAM_WELCOME,2023-12-29 06:50:49,search
545,295,google,GOOGLE_WELCOME,2024-01-25 11:24:34,search
546,295,email,EMAIL_SPRING24,2023-12-24 14:24:15,social
547,295,google,GOOGLE_RETARGET,2024-02-14 09:49:48,search
548,295,email,EMAIL_BRAND,2024-01-27 19:11:51,display
549,298,instagram,INSTAGRAM_WELCOME,2023-11-14 01:01:34,social
550,298,facebook,FACEBOOK_SPRING24,2023-11-16 04:01:26,social
551,298,facebook,FACEBOOK_RETARGET,2023-10-24 00:25:16,video
552,299,facebook,FACEBOOK_SUMMER24,2024-05-21 02:34:46,search
553,300,instagram,INSTAGRAM_BRAND,2023-09-05 22:23:00,video
554,300,facebook,FACEBOOK_BRAND,2023-08-20 20:30:05,video
555,300,google,GOOGLE_SUMMER24,2023-09-26 00:41:17,search
556,300,email,EMAIL_BRAND,2023-09-23 21:18:27,video
557,300,facebook,FACEBOOK_SPRING24,2023-09-30 02:41:44,social
558,301,instagram,INSTAGRAM_BRAND,2024-02-12 17:54:53,search
559,301,instagram,INSTAGRAM_SPRING24,2024-03-08 02:25:10,display
560,302,email,EMAIL_RETARGET,2023-09-06 15:47:50,search
561,305,instagram,INSTAGRAM_RETARGET,2023-12-21 08:38:09,search
562,305,google,GOOGLE_WELCOME,2024-01-14 10:13:54,search
563,305,facebook,FACEBOOK_BRAND,2023-12-23 15:17:58,social
564,305,google,GOOGLE_SPRING24,2024-02-08 00:03:44,video
565,306,facebook,FACEBOOK_RETARGET,2023-10-12 07:58:41,search
566,306,facebook,FACEBOOK_SPRING24,2023-09-28 14:12:19,social
567,307,email,EMAIL_WELCOME,2024-01-12 16:55:15,video
568,307,email,EMAIL_SUMMER24,2024-02-13 19:37:07,social
569,307,instagram,INSTAGRAM_BRAND,2024-02-17 22:14:41,social
570,307,facebook,FACEBOOK_BRAND,2023-12-20 21:49:08,social
571,308,instagram,INSTAGRAM_RETARGET,2024-03-13 23:49:20,social
572,308,google,GOOGLE_RETARGET,2024-02-21 23:38:22,display
573,308,email,EMAIL_SUMMER24,2024-03-23 14:01:07,display
574,309,facebook,FACEBOOK_RETARGET,2023-07-29 22:27:36,video
575,310,facebook,FACEBOOK_WELCOME,2024-05-28 18:00:54,search
576,310,email,EMAIL_SUMMER24,2024-07-10 00:29:16,video
577,310,facebook,FACEBOOK_WELCOME,2024-05-23 18:09:42,search
578,310,facebook,FACEBOOK_BRAND,2024-06-02 06:15:42,display
579,311,google,GOOGLE_BRAND,2023-08-25 12:35:18,display
580,311,google,GOOGLE_WELCOME,2023-08-28 06:31:29,search
581,311,google,GOOGLE_RETARGET,2023-10-02 12:14:54,video
582,311,facebook,FACEBOOK_RETARGET,2023-11-05 10:46:08,social
583,312,facebook,FACEBOOK_RETARGET,2024-04-17 12:58:07,social
584,312,instagram,INSTAGRAM_WELCOME,2024-04-23 00:25:49,display
585,312,email,EMAIL_SPRING24,2024-04-10 10:13:18,display
586,312,facebook,FACEBOOK_RETARGET,2024-04-21 14:29:07,display
587,314,google,GOOGLE_SPRING24,2024-07-09 06:03:20,social
588,314,email,EMAIL_SUMMER24,2024-06-18 22:40:58,social
589,314,email,EMAIL_BRAND,2024-06-25 14:03:37,social
590,315,facebook,FACEBOOK_BRAND,2023-08-26 03:28:38,search
591,315,google,GOOGLE_WELCOME,2023-09-27 17:42:06,video
592,315,google,GOOGLE_WELCOME,2023-09-23 02:01:09,search
593,315,instagram,INSTAGRAM_SPRING24,2023-09-16 19:53:09,video
594,316,email,EMAIL_RETARGET,2024-02-21 02:39:14,display
595,316,facebook,FACEBOOK_RETARGET,2024-02-06 20:44:11,social
596,316,instagram,INSTAGRAM_WELCOME,2024-01-04 02:03:46,display
597,318,facebook,FACEBOOK_BRAND,2024-02-20 13:24:50,display
598,318,facebook,FACEBOOK_WELCOME,2024-01-29 19:41:35,display
599,318,facebook,FACEBOOK_SPRING24,2024-01-06 00:09:45,search
600,319,facebook,FACEBOOK_WELCOME,2024-04-23 17:47:35,video
601,319,facebook,FACEBOOK_WELCOME,2024-03-21 13:47:04,social
602,319,email,EMAIL_BRAND,2024-04-12 22:14:05,social
603,319,google,GOOGLE_SUMMER24,2024-03-09 18:58:51,display
604,319,instagram,INSTAGRAM_RETARGET,2024-04-28 05:33:41,display
605,321,google,GOOGLE_SUMMER24,2023-07-11 20:24:45,social
606,323,email,EMAIL_SPRING24,2023-09-17 00:10:55,social
607,323,google,GOOGLE_SUMMER24,2023-10-06 23:22:08,search
608,323,instagram,INSTAGRAM_RETARGET,2023-09-19 00:11:04,social
609,324,google,GOOGLE_RETARGET,2023-06-01 11:08:12,display
610,324,facebook,FACEBOOK_SPRING24,2023-06-07 15:39:17,social
611,324,facebook,FACEBOOK_BRAND,2023-05-24 20:48:38,search
612,324,instagram,INSTAGRAM_WELCOME,2023-07-27 09:50:34,search
613,324,google,GOOGLE_BRAND,2023-07-28 12:25:32,display
614,325,instagram,INSTAGRAM_BRAND,2023-12-10 22:43:31,video
615,325,facebook,FACEBOOK_WELCOME,2023-12-19 21:38:46,video
616,325,email,EMAIL_RETARGET,2024-01-20 20:09:25,display
617,326,instagram,INSTAGRAM_WELCOME,2023-10-08 15:29:07,display
618,326,facebook,FACEBOOK_BRAND,2023-08-22 02:22:18,social
619,328,google,GOOGLE_SPRING24,2024-04-16 10:07:22,display
620,328,instagram,INSTAGRAM_WELCOME,2024-05-03 04:46:15,search
621,328,google,GOOGLE_WELCOME,2024-04-24 11:47:43,display
622,328,google,GOOGLE_BRAND,2024-05-22 15:45:14,social
623,328,google,GOOGLE_SUMMER24,2024-06-13 06:57:32,search
624,331,google,GOOGLE_BRAND,2024-06-13 02:06:44,display
625,331,facebook,FACEBOOK_BRAND,2024-07-08 01:08:06,search
626,331,email,EMAIL_SPRING24,2024-07-02 03:19:08,search
627,333,google,GOOGLE_WELCOME,2023-12-24 20:07:59,video
628,333,facebook,FACEBOOK_SUMMER24,2024-02-20 02:08:16,social
629,333,email,EMAIL_SPRING24,2023-12-25 18:14:11,search
630,333,facebook,FACEBOOK_BRAND,2024-01-01 05:05:31,video
631,334,facebook,FACEBOOK_WELCOME,2024-03-01 10:39:07,social
632,334,facebook,FACEBOOK_SPRING24,2024-03-10 01:57:42,social
633,335,email,EMAIL_SPRING24,2023-10-17 23:20:25,search
634,336,instagram,INSTAGRAM_RETARGET,2023-10-07 13:12:42,video
635,336,email,EMAIL_WELCOME,2023-10-23 03:36:56,display
636,336,email,EMAIL_SPRING24,2023-09-21 08:02:49,display
637,336,facebook,FACEBOOK_RETARGET,2023-10-20 15:23:57,video
638,336,google,GOOGLE_SUMMER24,2023-10-23 14:01:26,display
639,338,email,EMAIL_WELCOME,2023-07-24 00:33:08,search
640,338,google,GOOGLE_SUMMER24,2023-09-20 07:27:03,display
641,338,email,EMAIL_SPRING24,2023-07-28 08:07:22,display
642,339,facebook,FACEBOOK_SUMMER24,2023-09-01 03:52:27,video
643,340,instagram,INSTAGRAM_BRAND,2023-08-08 23:18:07,search
644,340,facebook,FACEBOOK_SPRING24,2023-09-02 20:26:17,search
645,342,instagram,INSTAGRAM_BRAND,2023-07-26 03:20:31,search
646,342,google,GOOGLE_SPRING24,2023-07-15 16:12:00,search
647,342,google,GOOGLE_BRAND,2023-07-23 06:38:21,search
648,344,google,GOOGLE_WELCOME,2023-08-17 13:27:52,video
649,344,google,GOOGLE_SUMMER24,2023-07-22 07:43:16,display
650,344,email,EMAIL_SPRING24,2023-08-03 18:12:45,display
651,345,google,GOOGLE_WELCOME,2023-09-02 18:31:41,social
652,345,email,EMAIL_SPRING24,2023-11-04 06:59:59,display
653,345,email,EMAIL_SPRING24,2023-10-29 22:00:12,social
654,346,instagram,INSTAGRAM_RETARGET,2023-08-01 12:58:25,social
655,346,instagram,INSTAGRAM_BRAND,2023-08-04 05:06:52,social
656,346,email,EMAIL_SPRING24,2023-07-12 12:22:45,social
657,346,google,GOOGLE_RETARGET,2023-08-27 07:26:19,video
658,346,email,EMAIL_WELCOME,2023-09-14 20:03:18,social
659,347,facebook,FACEBOOK_BRAND,2023-12-29 02:14:54,social
660,347,google,GOOGLE_RETARGET,2023-12-30 10:51:47,social
661,347,instagram,INSTAGRAM_SPRING24,2023-11-18 17:15:56,social
662,347,google,GOOGLE_WELCOME,2023-11-18 20:33:51,social
663,347,email,EMAIL_RETARGET,2023-12-19 01:46:22,video
664,348,instagram,INSTAGRAM_RETARGET,2024-04-17 12:15:10,search
665,348,email,EMAIL_BRAND,2024-04-25 02:37:36,display
666,351,instagram,INSTAGRAM_RETARGET,2024-04-02 08:37:26,video
667,352,email,EMAIL_WELCOME,2024-02-15 08:17:42,search
668,352,instagram,INSTAGRAM_BRAND,2024-03-24 17:23:14,display
669,352,email,EMAIL_SUMMER24,2024-02-16 10:35:52,search
670,352,google,GOOGLE_SPRING24,2024-03-12 00:54:30,search
671,353,email,EMAIL_SPRING24,2023-12-07 01:36:59,video
672,353,facebook,FACEBOOK_WELCOME,2023-11-28 06:33:32,search
673,353,email,EMAIL_RETARGET,2023-12-21 13:41:00,display
674,353,email,EMAIL_WELCOME,2023-11-10 10:57:36,search
675,353,email,EMAIL_RETARGET,2023-11-13 14:36:35,social
676,354,email,EMAIL_SUMMER24,2024-06-14 23:36:21,video
677,355,facebook,FACEBOOK_WELCOME,2024-04-11 22:09:35,video
678,355,instagram,INSTAGRAM_SUMMER24,2024-03-31 08:22:46,social
679,357,instagram,INSTAGRAM_BRAND,2023-08-12 06:48:08,social
680,360,google,GOOGLE_WELCOME,2023-11-04 09:50:04,video
681,361,facebook,FACEBOOK_WELCOME,2023-09-10 18:42:27,video
682,361,facebook,FACEBOOK_SPRING24,2023-07-10 04:55:37,social
683,361,email,EMAIL_SPRING24,2023-08-06 18:15:09,social
684,364,facebook,FACEBOOK_SUMMER24,2023-12-02 02:42:38,display
685,364,google,GOOGLE_SUMMER24,2023-11-09 05:47:19,social
686,367,google,GOOGLE_WELCOME,2024-05-07 06:38:06,display
687,369,facebook,FACEBOOK_WELCOME,2023-08-30 14:35:19,video
688,369,email,EMAIL_RETARGET,2023-09-16 00:12:04,video
689,369,instagram,INSTAGRAM_SPRING24,2023-09-16 19:27:01,video
690,369,google,GOOGLE_RETARGET,2023-07-21 06:48:42,video
691,370,google,GOOGLE_BRAND,2024-03-07 13:56:54,display
692,370,google,GOOGLE_SPRING24,2024-03-23 05:14:21,search
693,371,email,EMAIL_WELCOME,2024-01-29 08:15:46,search
694,371,email,EMAIL_SUMMER24,2024-03-03 23:25:07,social
695,371,email,EMAIL_RETARGET,2024-02-17 15:57:34,social
696,375,facebook,FACEBOOK_SUMMER24,2023-08-19 02:51:13,search
697,375,facebook,FACEBOOK_WELCOME,2023-08-31 04:15:18,social
698,375,facebook,FACEBOOK_SUMMER24,2023-07-30 00:52:45,social
699,376,email,EMAIL_BRAND,2023-11-11 23:22:24,video
700,377,facebook,FACEBOOK_WELCOME,2023-09-01 12:56:54,social
701,377,facebook,FACEBOOK_BRAND,2023-10-02 13:20:47,video
702,377,email,EMAIL_SUMMER24,2023-10-16 15:49:45,display
703,379,email,EMAIL_RETARGET,2024-05-10 04:36:59,display
704,379,facebook,FACEBOOK_BRAND,2024-05-19 14:56:34,search
705,379,instagram,INSTAGRAM_BRAND,2024-04-26 23:53:59,search
706,379,facebook,FACEBOOK_SPRING24,2024-04-05 14:48:07,search
707,380,facebook,FACEBOOK_RETARGET,2023-09-26 19:15:34,social
708,382,facebook,FACEBOOK_SPRING24,2024-05-26 19:29:41,display
709,382,instagram,INSTAGRAM_SPRING24,2024-06-04 00:42:08,social
710,384,google,GOOGLE_SPRING24,2024-02-03 22:51:07,search
711,385,facebook,FACEBOOK_BRAND,2023-06-22 11:21:37,search
712,385,instagram,INSTAGRAM_RETARGET,2023-06-17 15:49:42,social
713,385,facebook,FACEBOOK_SUMMER24,2023-06-14 07:02:28,display
714,386,google,GOOGLE_SPRING24,2023-09-26 02:03:53,social
715,386,facebook,FACEBOOK_SUMMER24,2023-09-01 14:45:41,social
716,386,email,EMAIL_SUMMER24,2023-10-05 23:17:03,search
717,386,email,EMAIL_SPRING24,2023-10-09 07:59:28,display
718,386,google,GOOGLE_SUMMER24,2023-08-13 00:55:37,social
719,387,email,EMAIL_WELCOME,2024-02-12 18:50:07,social
720,387,email,EMAIL_SPRING24,2024-02-08 02:30:17,display
721,387,email,EMAIL_SPRING24,2024-01-31 18:50:35,video
722,388,facebook,FACEBOOK_RETARGET,2023-08-22 00:40:55,social
723,388,email,EMAIL_RETARGET,2023-07-16 18:34:00,video
724,388,facebook,FACEBOOK_RETARGET,2023-08-14 16:04:06,social
725,388,google,GOOGLE_SUMMER24,2023-08-21 07:27:27,video
726,388,facebook,FACEBOOK_SUMMER24,2023-07-07 01:57:23,video
727,389,instagram,INSTAGRAM_BRAND,2024-03-11 15:16:27,display
728,389,google,GOOGLE_WELCOME,2024-03-23 01:01:12,search
729,389,google,GOOGLE_WELCOME,2024-02-29 11:52:45,video
730,389,email,EMAIL_WELCOME,2024-03-18 21:41:13,search
731,389,email,EMAIL_WELCOME,2024-03-26 05:02:45,display
732,390,email,EMAIL_RETARGET,2024-03-06 07:32:09,social
733,390,google,GOOGLE_SPRING24,2024-03-06 06:26:05,search
734,391,facebook,FACEBOOK_SPRING24,2024-02-29 08:52:46,video
735,391,facebook,FACEBOOK_SPRING24,2024-04-20 09:07:03,video
736,393,email,EMAIL_BRAND,2024-05-02 03:30:26,social
737,393,facebook,FACEBOOK_RETARGET,2024-05-28 21:04:29,social
738,393,facebook,FACEBOOK_BRAND,2024-06-23 21:26:45,video
739,393,google,GOOGLE_WELCOME,2024-05-05 07:18:13,social
740,393,email,EMAIL_BRAND,2024-06-17 15:13:28,video
741,395,email,EMAIL_SPRING24,2024-03-14 21:30:31,social
742,395,instagram,INSTAGRAM_SUMMER24,2024-03-28 16:50:40,display
743,395,facebook,FACEBOOK_WELCOME,2024-02-22 14:46:31,social
744,395,instagram,INSTAGRAM_BRAND,2024-02-24 22:25:13,social
745,396,google,GOOGLE_BRAND,2023-10-10 06:41:08,social
746,396,instagram,INSTAGRAM_SPRING24,2023-11-12 10:15:46,video
747,396,facebook,FACEBOOK_SPRING24,2023-10-26 18:23:07,display
748,396,facebook,FACEBOOK_RETARGET,2023-11-08 03:16:23,display
749,396,google,GOOGLE_WELCOME,2023-11-16 09:25:59,video
750,398,google,GOOGLE_RETARGET,2023-09-26 08:23:49,social
751,398,instagram,INSTAGRAM_WELCOME,2023-11-12 09:26:57,social
752,398,instagram,INSTAGRAM_SUMMER24,2023-11-11 17:54:42,display
753,398,facebook,FACEBOOK_RETARGET,2023-11-16 14:18:02,video
754,398,facebook,FACEBOOK_RETARGET,2023-09-27 06:39:32,video
755,400,facebook,FACEBOOK_RETARGET,2023-09-16 11:20:45,search
756,400,email,EMAIL_BRAND,2023-09-13 01:01:26,search
757,400,email,EMAIL_WELCOME,2023-09-14 12:02:04,video
758,400,email,EMAIL_SPRING24,2023-09-03 07:13:27,video
759,400,google,GOOGLE_RETARGET,2023-08-29 05:23:57,social
760,402,google,GOOGLE_BRAND,2024-05-07 16:08:31,social
761,402,email,EMAIL_RETARGET,2024-05-03 16:49:55,video
762,402,facebook,FACEBOOK_BRAND,2024-05-04 22:44:01,display
763,404,instagram,INSTAGRAM_SPRING24,2023-09-17 10:11:09,display
764,404,google,GOOGLE_SPRING24,2023-09-15 09:14:30,video
765,404,google,GOOGLE_WELCOME,2023-11-04 11:10:20,social
766,404,google,GOOGLE_WELCOME,2023-10-27 07:12:20,social
767,405,instagram,INSTAGRAM_RETARGET,2023-08-25 08:44:27,video
768,405,google,GOOGLE_WELCOME,2023-09-27 21:40:50,display
769,406,google,GOOGLE_RETARGET,2023-10-30 03:06:26,social
770,406,google,GOOGLE_WELCOME,2023-11-05 14:02:18,display
771,406,email,EMAIL_SUMMER24,2023-10-25 03:54:43,display
772,406,email,EMAIL_BRAND,2023-10-28 22:18:25,search
773,406,facebook,FACEBOOK_RETARGET,2023-11-05 17:34:54,search
774,407,email,EMAIL_SPRING24,2024-06-06 10:33:02,display
775,410,facebook,FACEBOOK_SUMMER24,2023-11-08 02:03:48,display
776,410,email,EMAIL_BRAND,2023-11-13 17:52:02,search
777,410,instagram,INSTAGRAM_WELCOME,2023-10-24 18:46:49,search
778,410,instagram,INSTAGRAM_WELCOME,2023-10-19 11:22:57,search
779,412,google,GOOGLE_SPRING24,2023-08-01 06:18:44,display
780,412,instagram,INSTAGRAM_WELCOME,2023-08-22 01:52:00,display
781,412,email,EMAIL_SUMMER24,2023-08-01 05:28:22,video
782,412,email,EMAIL_SPRING24,2023-08-26 19:44:05,search
783,413,email,EMAIL_SPRING24,2023-11-26 03:43:25,display
784,413,instagram,INSTAGRAM_BRAND,2023-12-20 05:08:36,search
785,413,instagram,INSTAGRAM_BRAND,2023-10-27 06:13:09,search
786,413,instagram,INSTAGRAM_SUMMER24,2023-11-23 06:53:53,video
787,415,google,GOOGLE_SUMMER24,2024-06-26 13:19:33,search
788,415,facebook,FACEBOOK_RETARGET,2024-05-28 20:56:54,search
789,415,email,EMAIL_WELCOME,2024-06-26 05:25:40,search
790,419,instagram,INSTAGRAM_BRAND,2023-11-14 15:43:04,social
791,419,google,GOOGLE_WELCOME,2023-11-20 05:57:13,social
792,419,facebook,FACEBOOK_WELCOME,2023-12-08 06:45:20,search
793,419,instagram,INSTAGRAM_SPRING24,2023-11-01 19:30:29,video
794,420,email,EMAIL_RETARGET,2023-12-19 00:48:42,video
795,420,google,GOOGLE_BRAND,2024-01-22 21:45:28,social
796,420,email,EMAIL_WELCOME,2024-01-30 13:09:58,video
797,422,email,EMAIL_WELCOME,2024-03-18 10:26:23,social
798,423,google,GOOGLE_WELCOME,2024-04-05 04:18:53,video
799,424,instagram,INSTAGRAM_RETARGET,2024-05-13 06:32:45,video
800,424,google,GOOGLE_SUMMER24,2024-03-21 13:34:23,search
801,426,instagram,INSTAGRAM_SPRING24,2024-02-18 07:11:55,search
802,426,email,EMAIL_SUMMER24,2024-03-06 15:09:38,display
803,426,google,GOOGLE_WELCOME,2024-03-11 19:39:04,display
804,426,email,EMAIL_SUMMER24,2024-04-24 04:56:37,video
805,426,instagram,INSTAGRAM_SPRING24,2024-04-22 17:33:20,social
806,427,instagram,INSTAGRAM_BRAND,2024-04-24 11:20:33,video
807,427,email,EMAIL_BRAND,2024-05-06 15:25:59,search
808,428,email,EMAIL_WELCOME,2024-01-19 10:35:20,search
809,428,email,EMAIL_RETARGET,2024-01-07 00:07:01,display
810,428,facebook,FACEBOOK_SUMMER24,2024-01-05 04:13:18,search
811,429,email,EMAIL_WELCOME,2023-08-21 05:55:47,display
812,429,facebook,FACEBOOK_SPRING24,2023-07-24 16:57:41,social
813,429,google,GOOGLE_SPRING24,2023-06-28 21:27:58,display
814,429,email,EMAIL_RETARGET,2023-07-09 11:58:31,display
815,429,google,GOOGLE_BRAND,2023-08-08 00:06:44,social
816,430,instagram,INSTAGRAM_BRAND,2023-08-11 16:36:24,search
817,430,email,EMAIL_SUMMER24,2023-08-07 14:48:20,video
818,430,google,GOOGLE_RETARGET,2023-07-15 08:13:23,display
819,431,email,EMAIL_WELCOME,2024-05-01 16:46:48,social
820,431,email,EMAIL_BRAND,2024-06-08 00:27:22,video
821,433,facebook,FACEBOOK_RETARGET,2023-10-06 20:52:27,display
822,433,email,EMAIL_SPRING24,2023-08-20 23:30:52,search
823,433,email,EMAIL_WELCOME,2023-09-23 04:43:49,search
824,435,google,GOOGLE_SUMMER24,2023-09-04 09:12:49,video
825,436,facebook,FACEBOOK_BRAND,2023-10-27 14:40:39,display
826,436,facebook,FACEBOOK_RETARGET,2023-10-30 18:27:43,search
827,436,instagram,INSTAGRAM_BRAND,2023-11-12 00:28:37,social
828,436,google,GOOGLE_SUMMER24,2023-12-22 15:55:41,video
829,437,google,GOOGLE_WELCOME,2023-10-15 02:01:29,display
830,437,google,GOOGLE_SPRING24,2023-10-19 07:07:05,search
831,437,instagram,INSTAGRAM_SPRING24,2023-11-03 01:04:23,display
832,437,instagram,INSTAGRAM_SPRING24,2023-10-13 06:44:01,search
833,437,email,EMAIL_BRAND,2023-09-05 06:27:55,video
834,440,instagram,INSTAGRAM_BRAND,2023-12-23 11:54:49,video
835,440,facebook,FACEBOOK_WELCOME,2023-10-14 13:54:36,social
836,440,facebook,FACEBOOK_RETARGET,2023-11-27 10:42:14,social
837,440,instagram,INSTAGRAM_SPRING24,2023-12-16 14:53:53,social
838,440,facebook,FACEBOOK_RETARGET,2023-11-08 00:23:25,video
839,441,facebook,FACEBOOK_SPRING24,2023-10-16 19:01:23,search
840,441,facebook,FACEBOOK_RETARGET,2023-12-08 15:04:41,social
841,441,google,GOOGLE_RETARGET,2023-11-08 16:30:31,search
842,441,instagram,INSTAGRAM_BRAND,2023-12-27 02:06:03,social
843,441,instagram,INSTAGRAM_SPRING24,2023-11-10 04:21:55,social
844,443,facebook,FACEBOOK_SPRING24,2024-02-16 12:13:39,search
845,445,instagram,INSTAGRAM_SUMMER24,2023-08-06 04:53:15,search
846,448,facebook,FACEBOOK_SPRING24,2023-08-10 08:26:04,video
847,448,email,EMAIL_RETARGET,2023-09-22 20:34:43,video
848,448,google,GOOGLE_BRAND,2023-08-16 04:13:27,video
849,450,instagram,INSTAGRAM_SPRING24,2023-10-24 12:33:13,video
850,450,email,EMAIL_BRAND,2023-09-23 03:16:26,display
851,450,instagram,INSTAGRAM_SPRING24,2023-10-24 13:56:27,video
852,450,email,EMAIL_SUMMER24,2023-11-25 13:29:36,video
853,451,instagram,INSTAGRAM_SUMMER24,2024-02-21 05:15:01,display
854,451,instagram,INSTAGRAM_SPRING24,2024-02-14 11:14:07,display
855,452,facebook,FACEBOOK_SPRING24,2023-08-02 15:00:50,search
856,452,facebook,FACEBOOK_SPRING24,2023-09-14 05:28:30,social
857,453,google,GOOGLE_BRAND,2023-10-03 00:12:26,video
858,455,instagram,INSTAGRAM_RETARGET,2024-05-24 16:35:33,video
859,455,instagram,INSTAGRAM_RETARGET,2024-06-14 22:37:41,search
860,455,email,EMAIL_SUMMER24,2024-06-23 01:53:28,video
861,456,instagram,INSTAGRAM_SUMMER24,2023-10-23 20:44:03,display
862,456,google,GOOGLE_BRAND,2023-09-28 07:06:52,video
863,456,facebook,FACEBOOK_SUMMER24,2023-10-09 02:23:48,video
864,457,instagram,INSTAGRAM_SPRING24,2023-11-09 17:52:41,social
865,457,instagram,INSTAGRAM_WELCOME,2023-11-14 21:45:14,search
866,457,email,EMAIL_BRAND,2024-01-02 12:55:28,display
867,458,google,GOOGLE_SUMMER24,2024-05-31 07:54:54,display
868,458,google,GOOGLE_BRAND,2024-05-23 17:07:16,search
869,458,instagram,INSTAGRAM_WELCOME,2024-06-13 13:14:33,social
870,460,instagram,INSTAGRAM_SPRING24,2024-05-01 19:56:30,social
871,461,google,GOOGLE_WELCOME,2024-04-12 10:04:56,display
872,461,facebook,FACEBOOK_WELCOME,2024-04-05 03:49:34,social
873,461,instagram,INSTAGRAM_SPRING24,2024-03-26 03:21:17,video
874,463,instagram,INSTAGRAM_WELCOME,2024-03-27 09:12:22,social
875,463,facebook,FACEBOOK_WELCOME,2024-03-27 22:25:45,social
876,463,google,GOOGLE_SPRING24,2024-03-18 21:39:05,video
877,463,facebook,FACEBOOK_RETARGET,2024-04-03 00:33:38,search
878,465,email,EMAIL_RETARGET,2023-10-03 11:29:02,social
879,465,facebook,FACEBOOK_WELCOME,2023-09-08 16:10:07,social
880,465,google,GOOGLE_SUMMER24,2023-10-11 06:57:18,video
881,465,email,EMAIL_SUMMER24,2023-09-22 11:32:35,social
882,468,google,GOOGLE_SPRING24,2023-12-30 05:41:13,search
883,468,instagram,INSTAGRAM_WELCOME,2023-11-20 15:24:50,social
884,468,instagram,INSTAGRAM_BRAND,2024-01-11 20:23:43,social
885,468,email,EMAIL_RETARGET,2024-01-08 20:57:52,social
886,468,google,GOOGLE_RETARGET,2024-01-23 11:30:30,search
887,469,email,EMAIL_RETARGET,2024-03-05 13:55:33,display
888,469,instagram,INSTAGRAM_WELCOME,2024-02-16 10:27:41,video
889,469,google,GOOGLE_SUMMER24,2024-03-05 19:57:14,search
890,469,email,EMAIL_WELCOME,2024-03-14 07:39:24,display
891,469,instagram,INSTAGRAM_SPRING24,2024-03-08 22:44:52,video
892,472,instagram,INSTAGRAM_SUMMER24,2024-03-14 16:51:38,display
893,472,instagram,INSTAGRAM_SPRING24,2024-03-03 14:34:58,video
894,472,google,GOOGLE_RETARGET,2024-03-02 22:55:12,display
895,472,instagram,INSTAGRAM_WELCOME,2024-02-10 13:17:51,social
896,473,instagram,INSTAGRAM_WELCOME,2024-04-24 02:39:35,social
897,473,email,EMAIL_SUMMER24,2024-05-01 06:29:15,display
898,474,facebook,FACEBOOK_SUMMER24,2024-06-04 21:03:48,social
899,474,email,EMAIL_RETARGET,2024-06-04 08:09:59,search
900,474,google,GOOGLE_BRAND,2024-05-20 20:50:56,social
901,474,google,GOOGLE_WELCOME,2024-06-14 02:34:57,display
902,474,email,EMAIL_SPRING24,2024-04-04 08:41:08,social
903,475,instagram,INSTAGRAM_WELCOME,2023-10-24 08:15:07,search
904,475,instagram,INSTAGRAM_SUMMER24,2023-12-09 00:16:21,display
905,475,email,EMAIL_BRAND,2023-12-15 11:26:34,video
906,475,email,EMAIL_BRAND,2023-11-06 09:07:52,search
907,482,instagram,INSTAGRAM_SPRING24,2023-11-06 14:17:02,display
908,482,instagram,INSTAGRAM_WELCOME,2023-09-14 22:32:09,video
909,482,google,GOOGLE_SPRING24,2023-11-08 16:17:51,display
910,482,facebook,FACEBOOK_SUMMER24,2023-10-17 13:30:03,display
911,482,email,EMAIL_WELCOME,2023-09-27 09:36:59,display
912,483,facebook,FACEBOOK_SUMMER24,2023-08-27 06:38:42,search
913,483,email,EMAIL_BRAND,2023-07-15 06:25:48,display
914,484,facebook,FACEBOOK_BRAND,2024-02-06 17:49:49,search
915,485,facebook,FACEBOOK_BRAND,2023-07-22 13:46:24,social
916,486,google,GOOGLE_RETARGET,2024-06-27 23:44:08,search
917,486,email,EMAIL_SUMMER24,2024-06-19 11:56:52,social
918,486,google,GOOGLE_BRAND,2024-05-21 15:30:34,video
919,486,google,GOOGLE_SUMMER24,2024-06-06 13:20:17,social
920,487,instagram,INSTAGRAM_RETARGET,2024-03-01 23:59:24,social
921,487,email,EMAIL_WELCOME,2024-02-03 05:24:32,social
922,487,instagram,INSTAGRAM_RETARGET,2024-01-22 16:19:16,video
923,487,facebook,FACEBOOK_RETARGET,2024-03-26 04:48:21,search
924,488,instagram,INSTAGRAM_BRAND,2024-06-16 17:19:00,display
925,488,email,EMAIL_RETARGET,2024-06-25 09:12:19,social
926,488,facebook,FACEBOOK_WELCOME,2024-05-16 12:44:00,search
927,488,email,EMAIL_SPRING24,2024-06-10 04:14:35,social
928,490,instagram,INSTAGRAM_SUMMER24,2024-05-05 23:01:48,display
929,490,instagram,INSTAGRAM_RETARGET,2024-05-16 14:54:19,search
930,490,facebook,FACEBOOK_SUMMER24,2024-05-15 01:25:36,social
931,490,facebook,FACEBOOK_RETARGET,2024-04-15 20:42:32,display
932,490,email,EMAIL_WELCOME,2024-06-07 19:18:32,search
933,491,google,GOOGLE_BRAND,2023-05-31 23:44:39,video
934,491,facebook,FACEBOOK_SUMMER24,2023-06-08 07:02:23,video
935,491,email,EMAIL_BRAND,2023-06-20 15:24:04,search
936,491,facebook,FACEBOOK_SPRING24,2023-06-08 02:59:55,video
937,491,facebook,FACEBOOK_SUMMER24,2023-07-10 04:44:44,search
938,494,google,GOOGLE_SUMMER24,2023-08-31 07:37:24,search
939,494,instagram,INSTAGRAM_BRAND,2023-08-13 11:55:14,social
940,494,facebook,FACEBOOK_SPRING24,2023-08-13 20:51:04,social
941,494,instagram,INSTAGRAM_BRAND,2023-07-28 17:52:48,search
942,497,email,EMAIL_WELCOME,2024-07-04 17:38:34,search
943,497,email,EMAIL_BRAND,2024-06-19 04:24:15,display
944,497,instagram,INSTAGRAM_WELCOME,2024-05-06 15:46:49,display
945,497,facebook,FACEBOOK_RETARGET,2024-07-11 17:48:26,search
946,499,instagram,INSTAGRAM_SUMMER24,2024-04-15 09:38:13,search
947,499,facebook,FACEBOOK_RETARGET,2024-03-09 18:05:04,display
948,499,email,EMAIL_SPRING24,2024-03-23 16:21:21,social
949,800364,facebook,GOOGLE_RETARGET,2023-12-13 04:45:54,social
950,800182,google,GOOGLE_RETARGET,2023-07-18 17:32:37,social
951,800155,google,GOOGLE_RETARGET,2024-07-01 04:58:56,search
952,800454,instagram,GOOGLE_RETARGET,2024-05-20 02:50:09,display
953,800887,instagram,GOOGLE_RETARGET,2023-09-15 15:14:04,display
