session_id,user_id,utm_source,utm_medium,utm_campaign,bounced,duration_s,device
1,1,organic,organic,,True,0,mobile
2,1,instagram,social,INSTAGRAM_WELCOME,False,1214,mobile
3,1,google,cpc,GOOGLE_BRAND,False,1286,mobile
4,2,organic,organic,,False,861,mobile
5,2,,,,False,952,tablet
6,3,instagram,social,INSTAGRAM_SUMMER24,False,,desktop
7,4,google,cpc,GOOGLE_SUMMER24,False,1578,mobile
8,5,instagram,social,INSTAGRAM_RETARGET,False,92,tablet
9,5,direct,,,False,1102,tablet
10,5,organic,organic,,True,0,tablet
11,6,google,cpc,GOOGLE_RETARGET,False,641,mobile
12,6,,,,False,1088,tablet
13,6,facebook,social,FACEBOOK_RETARGET,False,400,desktop
14,6,facebook,social,FACEBOOK_SUMMER24,True,0,mobile
15,6,instagram,social,INSTAGRAM_SPRING24,False,1347,desktop
16,7,email,email,EMAIL_BRAND,True,0,mobile
17,7,organic,organic,,True,0,tablet
18,7,instagram,social,INSTAGRAM_RETARGET,True,0,desktop
19,7,organic,organic,,True,0,tablet
20,7,facebook,social,FACEBOOK_SPRING24,False,567,tablet
21,8,instagram,social,INSTAGRAM_BRAND,True,0,mobile
22,9,google,cpc,GOOGLE_SUMMER24,False,1717,mobile
23,9,organic,organic,,False,95,mobile
24,9,facebook,social,FACEBOOK_SPRING24,True,0,mobile
25,9,email,email,EMAIL_RETARGET,True,0,mobile
26,10,organic,organic,,True,0,desktop
27,10,facebook,social,FACEBOOK_WELCOME,True,0,mobile
28,10,email,email,EMAIL_SPRING24,False,752,desktop
29,10,organic,organic,,True,0,mobile
30,11,organic,organic,,True,0,desktop
31,12,facebook,social,FACEBOOK_SPRING24,False,716,desktop
32,12,,,,False,1757,desktop
33,12,,,,True,0,tablet
34,12,direct,,,True,0,tablet
35,12,email,email,EMAIL_RETARGET,True,0,desktop
36,12,facebook,social,FACEBOOK_SPRING24,False,1732,mobile
37,13,google,cpc,GOOGLE_RETARGET,False,144,desktop
38,13,organic,organic,,False,1586,tablet
39,14,instagram,social,INSTAGRAM_BRAND,True,0,tablet
40,14,instagram,social,INSTAGRAM_RETARGET,True,0,tablet
41,14,google,cpc,GOOGLE_SUMMER24,False,976,mobile
42,15,facebook,social,FACEBOOK_WELCOME,False,118,tablet
43,16,email,email,EMAIL_SPRING24,False,1655,mobile
44,16,instagram,social,INSTAGRAM_WELCOME,True,0,desktop
45,16,organic,organic,,True,0,desktop
46,17,google,cpc,GOOGLE_SPRING24,False,1282,tablet
47,18,organic,organic,,False,759,mobile
48,18,facebook,social,FACEBOOK_BRAND,False,1482,tablet
49,18,google,cpc,GOOGLE_SUMMER24,True,0,desktop
50,19,organic,organic,,False,232,mobile
51,19,google,cpc,GOOGLE_RETARGET,True,0,tablet
52,19,google,cpc,GOOGLE_RETARGET,True,0,mobile
53,19,google,cpc,GOOGLE_RETARGET,True,0,tablet
54,19,email,email,EMAIL_RETARGET,False,1221,mobile
55,20,instagram,social,INSTAGRAM_SPRING24,False,901,desktop
56,20,email,email,EMAIL_SUMMER24,False,370,mobile
57,20,facebook,social,FACEBOOK_BRAND,False,674,desktop
58,20,direct,,,False,575,desktop
59,20,instagram,social,INSTAGRAM_SUMMER24,True,0,tablet
60,20,facebook,social,FACEBOOK_BRAND,False,1472,tablet
61,20,google,cpc,GOOGLE_BRAND,False,1421,tablet
62,21,organic,organic,,False,1046,tablet
63,22,email,email,EMAIL_BRAND,False,1183,tablet
64,22,organic,organic,,False,1108,desktop
65,23,google,cpc,GOOGLE_RETARGET,True,0,tablet
66,23,google,cpc,GOOGLE_SUMMER24,False,1414,mobile
67,23,email,email,EMAIL_SUMMER24,False,81,desktop
68,23,organic,organic,,False,1165,tablet
69,23,organic,organic,,True,0,tablet
70,24,google,cpc,GOOGLE_RETARGET,False,1629,desktop
71,25,google,cpc,GOOGLE_WELCOME,True,0,desktop
72,25,facebook,social,FACEBOOK_WELCOME,False,1134,mobile
73,25,organic,organic,,True,0,desktop
74,25,,,,False,1520,desktop
75,25,instagram,social,INSTAGRAM_BRAND,True,0,mobile
76,25,,,,False,332,desktop
77,25,google,cpc,GOOGLE_BRAND,False,631,tablet
78,26,email,email,EMAIL_WELCOME,False,391,tablet
79,26,instagram,social,INSTAGRAM_BRAND,False,730,mobile
80,26,facebook,social,FACEBOOK_WELCOME,False,1556,desktop
81,27,email,email,EMAIL_SPRING24,True,0,desktop
82,27,facebook,social,FACEBOOK_BRAND,False,514,tablet
83,27,facebook,social,FACEBOOK_SPRING24,False,1121,mobile
84,27,instagram,social,INSTAGRAM_WELCOME,False,1056,mobile
85,27,,,,False,211,tablet
86,27,google,cpc,GOOGLE_SPRING24,True,0,tablet
87,27,google,cpc,GOOGLE_RETARGET,False,436,tablet
88,27,direct,,,False,162,mobile
89,28,google,cpc,GOOGLE_SPRING24,True,0,desktop
90,29,email,email,EMAIL_WELCOME,False,938,desktop
91,29,google,cpc,GOOGLE_SPRING24,False,1328,mobile
92,29,google,cpc,GOOGLE_SPRING24,False,1044,tablet
93,30,facebook,social,FACEBOOK_RETARGET,False,1698,desktop
94,30,instagram,social,INSTAGRAM_SUMMER24,False,1646,tablet
95,31,google,cpc,GOOGLE_WELCOME,False,37,tablet
96,32,google,cpc,GOOGLE_BRAND,False,1136,desktop
97,33,,,,False,1337,mobile
98,34,organic,organic,,True,0,mobile
99,35,direct,,,False,959,mobile
100,36,facebook,social,FACEBOOK_SUMMER24,False,1012,desktop
101,37,facebook,social,FACEBOOK_WELCOME,False,411,desktop
102,38,facebook,social,FACEBOOK_BRAND,True,0,tablet
103,38,email,email,EMAIL_RETARGET,True,0,desktop
104,39,organic,organic,,False,581,mobile
105,40,,,,False,640,mobile
106,40,organic,organic,,True,0,desktop
107,40,,,,False,1298,mobile
108,41,organic,organic,,False,1200,tablet
109,41,direct,,,False,1120,mobile
110,41,facebook,social,FACEBOOK_BRAND,False,610,tablet
111,41,google,cpc,GOOGLE_WELCOME,False,1372,tablet
112,41,google,cpc,GOOGLE_BRAND,True,0,mobile
113,41,organic,organic,,False,314,desktop
114,42,google,cpc,GOOGLE_RETARGET,True,0,desktop
115,42,facebook,social,FACEBOOK_SUMMER24,False,1635,desktop
116,42,,,,False,226,tablet
117,42,email,email,EMAIL_WELCOME,False,1182,tablet
118,42,facebook,social,FACEBOOK_SPRING24,False,785,mobile
119,42,instagram,social,INSTAGRAM_WELCOME,False,1002,mobile
120,43,instagram,social,INSTAGRAM_SUMMER24,True,0,tablet
121,43,google,cpc,GOOGLE_SUMMER24,True,0,tablet
122,44,organic,organic,,False,691,desktop
123,44,instagram,social,INSTAGRAM_BRAND,True,0,desktop
124,44,facebook,social,FACEBOOK_SUMMER24,False,344,tablet
125,44,,,,True,0,mobile
126,45,organic,organic,,False,53,tablet
127,45,email,email,EMAIL_SPRING24,True,0,tablet
128,46,google,cpc,GOOGLE_RETARGET,False,1642,mobile
129,46,google,cpc,GOOGLE_WELCOME,False,1236,mobile
130,46,facebook,social,FACEBOOK_SPRING24,True,0,tablet
131,46,organic,organic,,False,1255,desktop
132,46,direct,,,False,205,mobile
133,46,direct,,,False,1084,mobile
134,46,facebook,social,FACEBOOK_RETARGET,False,795,tablet
135,46,instagram,social,INSTAGRAM_WELCOME,False,491,mobile
136,47,instagram,social,INSTAGRAM_SUMMER24,True,0,tablet
137,48,instagram,social,INSTAGRAM_RETARGET,False,1423,desktop
138,48,google,cpc,GOOGLE_RETARGET,False,534,tablet
139,48,organic,organic,,False,1408,mobile
140,48,organic,organic,,False,381,tablet
141,49,organic,organic,,False,830,tablet
142,49,email,email,EMAIL_RETARGET,False,346,tablet
143,50,email,email,EMAIL_BRAND,False,1462,desktop
144,50,google,cpc,GOOGLE_SPRING24,False,980,desktop
145,51,facebook,social,FACEBOOK_SPRING24,False,1498,desktop
146,52,facebook,social,FACEBOOK_BRAND,True,0,mobile
147,52,instagram,social,INSTAGRAM_SPRING24,True,0,tablet
148,52,instagram,social,INSTAGRAM_SUMMER24,True,0,tablet
149,53,facebook,social,FACEBOOK_SUMMER24,False,751,mobile
150,53,google,cpc,GOOGLE_WELCOME,False,738,desktop
151,54,google,cpc,GOOGLE_SPRING24,False,1140,tablet
152,54,facebook,social,FACEBOOK_WELCOME,True,0,mobile
153,54,direct,,,True,0,desktop
154,55,google,cpc,GOOGLE_WELCOME,False,254,desktop
155,55,instagram,social,INSTAGRAM_BRAND,True,0,desktop
156,56,instagram,social,INSTAGRAM_SUMMER24,False,1603,desktop
157,56,organic,organic,,True,0,mobile
158,56,google,cpc,GOOGLE_SUMMER24,False,485,desktop
159,56,instagram,social,INSTAGRAM_SPRING24,False,554,mobile
160,56,organic,organic,,False,170,mobile
161,56,facebook,social,FACEBOOK_SUMMER24,False,566,tablet
162,56,,,,False,495,desktop
163,57,email,email,EMAIL_BRAND,False,1610,mobile
164,58,instagram,social,INSTAGRAM_SPRING24,False,1123,desktop
165,58,organic,organic,,False,1191,desktop
166,58,direct,,,False,469,mobile
167,59,instagram,social,INSTAGRAM_BRAND,True,0,desktop
168,60,email,email,EMAIL_RETARGET,False,1445,desktop
169,60,google,cpc,GOOGLE_SUMMER24,False,221,tablet
170,61,organic,organic,,True,0,desktop
171,61,facebook,social,FACEBOOK_RETARGET,False,873,desktop
172,61,,,,True,0,mobile
173,61,email,email,EMAIL_WELCOME,False,1152,desktop
174,61,google,cpc,GOOGLE_SUMMER24,False,34,desktop
175,62,instagram,social,INSTAGRAM_WELCOME,False,629,tablet
176,63,organic,organic,,True,0,desktop
177,64,google,cpc,GOOGLE_WELCOME,True,0,desktop
178,64,organic,organic,,False,,mobile
179,65,,,,False,1344,desktop
180,65,facebook,social,FACEBOOK_BRAND,False,1523,mobile
181,66,instagram,social,INSTAGRAM_SUMMER24,False,1326,desktop
182,66,organic,organic,,False,1753,mobile
183,67,facebook,social,FACEBOOK_WELCOME,False,1254,desktop
184,68,email,email,EMAIL_BRAND,False,862,mobile
185,68,organic,organic,,False,1538,mobile
186,68,google,cpc,GOOGLE_SPRING24,True,0,desktop
187,68,google,cpc,GOOGLE_RETARGET,False,185,tablet
188,68,google,cpc,GOOGLE_RETARGET,False,521,desktop
189,68,google,cpc,GOOGLE_SUMMER24,True,0,tablet
190,69,,,,False,572,mobile
191,69,instagram,social,INSTAGRAM_BRAND,False,1307,tablet
192,70,organic,organic,,False,726,mobile
193,70,instagram,social,INSTAGRAM_WELCOME,False,333,mobile
194,71,,,,False,32,desktop
195,71,instagram,social,INSTAGRAM_SPRING24,False,1649,mobile
196,71,organic,organic,,True,0,tablet
197,72,google,cpc,GOOGLE_RETARGET,False,466,desktop
198,72,facebook,social,FACEBOOK_BRAND,False,1417,tablet
199,73,instagram,social,INSTAGRAM_SPRING24,True,0,desktop
200,73,organic,organic,,False,572,desktop
201,73,facebook,social,FACEBOOK_SUMMER24,True,0,tablet
202,73,google,cpc,GOOGLE_SPRING24,False,271,tablet
203,74,google,cpc,GOOGLE_RETARGET,True,0,desktop
204,75,,,,False,691,mobile
205,75,facebook,social,FACEBOOK_RETARGET,True,0,desktop
206,76,email,email,EMAIL_SPRING24,True,0,tablet
207,77,facebook,social,FACEBOOK_SPRING24,True,0,tablet
208,78,organic,organic,,True,0,desktop
209,78,direct,,,True,0,tablet
210,78,email,email,EMAIL_BRAND,False,533,desktop
211,78,facebook,social,FACEBOOK_SPRING24,False,461,mobile
212,79,google,cpc,GOOGLE_WELCOME,False,825,mobile
213,79,organic,organic,,False,1424,desktop
214,79,facebook,social,FACEBOOK_RETARGET,True,0,tablet
215,80,google,cpc,GOOGLE_SUMMER24,False,1635,desktop
216,80,facebook,social,FACEBOOK_BRAND,False,1564,desktop
217,81,organic,organic,,False,290,mobile
218,81,organic,organic,,False,1126,mobile
219,81,google,cpc,GOOGLE_WELCOME,False,974,tablet
220,81,google,cpc,GOOGLE_BRAND,True,0,desktop
221,82,facebook,social,FACEBOOK_SPRING24,False,1051,mobile
222,82,google,cpc,GOOGLE_WELCOME,False,504,mobile
223,82,direct,,,True,0,tablet
224,82,email,email,EMAIL_SUMMER24,False,675,desktop
225,82,google,cpc,GOOGLE_SPRING24,True,0,mobile
226,83,google,cpc,GOOGLE_RETARGET,True,0,mobile
227,84,facebook,social,FACEBOOK_RETARGET,False,1451,mobile
228,84,facebook,social,FACEBOOK_SPRING24,True,0,mobile
229,84,instagram,social,INSTAGRAM_SPRING24,False,1323,tablet
230,85,email,email,EMAIL_SPRING24,False,559,tablet
231,85,email,email,EMAIL_SPRING24,False,1078,tablet
232,85,instagram,social,INSTAGRAM_SUMMER24,True,0,tablet
233,85,organic,organic,,False,1158,desktop
234,86,organic,organic,,False,1453,mobile
235,86,email,email,EMAIL_BRAND,False,706,tablet
236,86,instagram,social,INSTAGRAM_WELCOME,False,1141,desktop
237,86,instagram,social,INSTAGRAM_RETARGET,False,677,tablet
238,87,email,email,EMAIL_WELCOME,False,941,desktop
239,87,organic,organic,,False,,mobile
240,87,facebook,social,FACEBOOK_WELCOME,False,454,mobile
241,88,direct,,,False,1185,mobile
242,88,facebook,social,FACEBOOK_SUMMER24,True,0,tablet
243,88,facebook,social,FACEBOOK_WELCOME,True,0,desktop
244,88,direct,,,False,1638,desktop
245,89,organic,organic,,False,210,desktop
246,89,organic,organic,,False,175,desktop
247,89,,,,False,261,mobile
248,89,direct,,,False,1309,desktop
249,89,google,cpc,GOOGLE_BRAND,False,684,mobile
250,90,organic,organic,,False,927,tablet
251,91,instagram,social,INSTAGRAM_RETARGET,True,0,desktop
252,91,instagram,social,INSTAGRAM_SPRING24,False,552,tablet
253,92,google,cpc,GOOGLE_SUMMER24,False,420,tablet
254,92,google,cpc,GOOGLE_BRAND,False,1088,mobile
255,93,facebook,social,FACEBOOK_BRAND,True,0,tablet
256,94,facebook,social,FACEBOOK_WELCOME,False,1357,desktop
257,94,direct,,,False,920,desktop
258,95,google,cpc,GOOGLE_WELCOME,True,0,tablet
259,96,organic,organic,,True,0,tablet
260,96,direct,,,True,0,tablet
261,96,facebook,social,FACEBOOK_RETARGET,True,0,mobile
262,96,google,cpc,GOOGLE_BRAND,False,544,tablet
263,96,organic,organic,,False,786,tablet
264,97,google,cpc,GOOGLE_WELCOME,True,0,tablet
265,97,facebook,social,FACEBOOK_RETARGET,False,32,tablet
266,97,organic,organic,,False,752,mobile
267,98,facebook,social,FACEBOOK_RETARGET,False,1468,desktop
268,99,instagram,social,INSTAGRAM_SUMMER24,True,0,desktop
269,99,,,,True,0,tablet
270,100,facebook,social,FACEBOOK_SUMMER24,True,0,tablet
271,100,facebook,social,FACEBOOK_WELCOME,True,0,tablet
272,101,organic,organic,,False,1683,tablet
273,102,google,cpc,GOOGLE_RETARGET,False,194,tablet
274,102,organic,organic,,False,1420,mobile
275,102,google,cpc,GOOGLE_WELCOME,False,689,mobile
276,102,organic,organic,,False,1415,mobile
277,102,organic,organic,,False,291,mobile
278,102,direct,,,False,1156,tablet
279,102,google,cpc,GOOGLE_SUMMER24,False,1582,desktop
280,103,instagram,social,INSTAGRAM_WELCOME,True,0,mobile
281,103,google,cpc,GOOGLE_SPRING24,False,1268,tablet
282,103,organic,organic,,True,0,mobile
283,103,google,cpc,GOOGLE_RETARGET,True,0,tablet
284,103,organic,organic,,False,1760,desktop
285,103,google,cpc,GOOGLE_SUMMER24,True,0,mobile
286,103,,,,False,430,mobile
287,104,direct,,,False,680,mobile
288,105,google,cpc,GOOGLE_RETARGET,False,822,tablet
289,105,organic,organic,,False,1457,tablet
290,106,email,email,EMAIL_SPRING24,False,518,desktop
291,107,organic,organic,,False,1306,mobile
292,107,instagram,social,INSTAGRAM_WELCOME,False,600,desktop
293,107,organic,organic,,True,0,tablet
294,107,instagram,social,INSTAGRAM_RETARGET,True,0,tablet
295,107,google,cpc,GOOGLE_BRAND,False,1440,desktop
296,107,facebook,social,FACEBOOK_SPRING24,True,0,tablet
297,107,direct,,,True,0,desktop
298,107,organic,organic,,False,350,mobile
299,108,instagram,social,INSTAGRAM_WELCOME,True,0,tablet
300,109,direct,,,True,0,tablet
301,109,google,cpc,GOOGLE_SUMMER24,False,1173,mobile
302,110,google,cpc,GOOGLE_SPRING24,False,648,desktop
303,111,google,cpc,GOOGLE_SUMMER24,False,22,desktop
304,112,direct,,,True,0,desktop
305,113,organic,organic,,False,919,tablet
306,114,facebook,social,FACEBOOK_BRAND,False,440,mobile
307,115,google,cpc,GOOGLE_SPRING24,False,1731,desktop
308,116,google,cpc,GOOGLE_SUMMER24,True,0,desktop
309,116,organic,organic,,False,1187,mobile
310,116,email,email,EMAIL_WELCOME,False,205,desktop
311,116,direct,,,False,1742,desktop
312,116,google,cpc,GOOGLE_WELCOME,False,862,tablet
313,116,organic,organic,,True,0,tablet
314,117,,,,False,1629,desktop
315,117,organic,organic,,False,1091,tablet
316,117,direct,,,False,1508,desktop
317,117,,,,False,,mobile
318,117,organic,organic,,True,0,mobile
319,117,,,,False,1162,mobile
320,117,organic,organic,,False,536,desktop
321,118,facebook,social,FACEBOOK_SPRING24,True,0,desktop
322,118,facebook,social,FACEBOOK_BRAND,False,74,mobile
323,119,,,,False,87,desktop
324,119,organic,organic,,False,1114,desktop
325,120,,,,False,1172,desktop
326,120,instagram,social,INSTAGRAM_SUMMER24,False,694,desktop
327,120,,,,True,0,desktop
328,120,instagram,social,INSTAGRAM_SUMMER24,False,812,mobile
329,121,organic,organic,,False,79,mobile
330,121,,,,False,634,desktop
331,121,google,cpc,GOOGLE_SPRING24,False,204,mobile
332,121,,,,False,1005,tablet
333,121,email,email,EMAIL_SUMMER24,False,216,tablet
334,122,google,cpc,GOOGLE_SPRING24,False,1476,mobile
335,122,facebook,social,FACEBOOK_SPRING24,False,1232,desktop
336,122,,,,False,1541,tablet
337,123,,,,True,0,desktop
338,123,facebook,social,FACEBOOK_RETARGET,False,573,desktop
339,123,google,cpc,GOOGLE_BRAND,False,224,desktop
340,123,facebook,social,FACEBOOK_SUMMER24,False,1661,mobile
341,124,organic,organic,,False,923,mobile
342,125,google,cpc,GOOGLE_RETARGET,True,0,desktop
343,125,google,cpc,GOOGLE_BRAND,False,1304,tablet
344,126,facebook,social,FACEBOOK_SUMMER24,False,1388,mobile
345,126,organic,organic,,True,0,tablet
346,127,facebook,social,FACEBOOK_RETARGET,False,473,tablet
347,127,,,,False,1377,desktop
348,128,google,cpc,GOOGLE_SPRING24,False,959,desktop
349,128,organic,organic,,True,0,mobile
350,129,email,email,EMAIL_WELCOME,False,160,tablet
351,129,instagram,social,INSTAGRAM_RETARGET,True,0,mobile
352,130,facebook,social,FACEBOOK_WELCOME,True,0,tablet
353,130,instagram,social,INSTAGRAM_RETARGET,False,715,mobile
354,130,organic,organic,,True,0,tablet
355,131,google,cpc,GOOGLE_BRAND,False,1151,desktop
356,131,facebook,social,FACEBOOK_RETARGET,True,0,mobile
357,131,email,email,EMAIL_RETARGET,False,1335,mobile
358,132,direct,,,False,15,tablet
359,133,facebook,social,FACEBOOK_BRAND,False,436,desktop
360,134,,,,False,905,desktop
361,135,google,cpc,GOOGLE_BRAND,False,276,mobile
362,135,direct,,,True,0,tablet
363,135,google,cpc,GOOGLE_WELCOME,False,496,tablet
364,135,organic,organic,,False,846,tablet
365,135,organic,organic,,False,400,desktop
366,135,google,cpc,GOOGLE_SUMMER24,True,0,mobile
367,135,google,cpc,GOOGLE_RETARGET,False,293,tablet
368,135,direct,,,False,886,desktop
369,136,email,email,EMAIL_RETARGET,False,395,mobile
370,136,instagram,social,INSTAGRAM_SUMMER24,False,566,tablet
371,137,direct,,,False,246,tablet
372,137,google,cpc,GOOGLE_BRAND,False,1552,desktop
373,137,google,cpc,GOOGLE_BRAND,True,0,desktop
374,138,,,,False,1649,tablet
375,138,direct,,,True,0,desktop
376,138,direct,,,False,737,desktop
377,139,organic,organic,,False,637,tablet
378,140,organic,organic,,False,1359,tablet
379,141,instagram,social,INSTAGRAM_SUMMER24,False,1758,desktop
380,141,organic,organic,,True,0,desktop
381,141,email,email,EMAIL_BRAND,True,0,tablet
382,142,facebook,social,FACEBOOK_SUMMER24,True,0,tablet
383,142,instagram,social,INSTAGRAM_BRAND,False,717,mobile
384,142,email,email,EMAIL_RETARGET,False,502,tablet
385,142,google,cpc,GOOGLE_WELCOME,True,0,desktop
386,143,google,cpc,GOOGLE_RETARGET,False,632,tablet
387,143,facebook,social,FACEBOOK_RETARGET,False,312,desktop
388,143,facebook,social,FACEBOOK_RETARGET,False,661,tablet
389,143,google,cpc,GOOGLE_BRAND,False,1744,tablet
390,144,facebook,social,FACEBOOK_SPRING24,True,0,tablet
391,144,instagram,social,INSTAGRAM_SUMMER24,False,1220,tablet
392,144,organic,organic,,False,656,tablet
393,144,email,email,EMAIL_SPRING24,False,1090,desktop
394,144,google,cpc,GOOGLE_WELCOME,True,0,mobile
395,145,google,cpc,GOOGLE_BRAND,False,1726,tablet
396,146,,,,False,784,tablet
397,146,email,email,EMAIL_SUMMER24,False,1439,desktop
398,146,organic,organic,,True,0,desktop
399,147,email,email,EMAIL_WELCOME,True,0,mobile
400,147,email,email,EMAIL_RETARGET,False,138,desktop
401,147,instagram,social,INSTAGRAM_RETARGET,False,425,mobile
402,147,instagram,social,INSTAGRAM_SUMMER24,False,898,tablet
403,147,direct,,,True,0,mobile
404,147,organic,organic,,True,0,desktop
405,148,google,cpc,GOOGLE_SPRING24,False,1376,mobile
406,149,organic,organic,,False,1593,desktop
407,149,direct,,,False,1121,desktop
408,149,google,cpc,GOOGLE_BRAND,False,750,desktop
409,149,google,cpc,GOOGLE_SPRING24,False,1762,mobile
410,150,organic,organic,,True,0,mobile
411,150,organic,organic,,False,813,tablet
412,150,instagram,social,INSTAGRAM_RETARGET,False,301,mobile
413,150,facebook,social,FACEBOOK_RETARGET,True,0,tablet
414,150,facebook,social,FACEBOOK_BRAND,False,1677,mobile
415,151,facebook,social,FACEBOOK_SPRING24,False,448,tablet
416,152,direct,,,False,492,mobile
417,152,instagram,social,INSTAGRAM_SPRING24,False,1281,tablet
418,152,google,cpc,GOOGLE_SUMMER24,False,644,mobile
419,153,email,email,EMAIL_SPRING24,False,232,tablet
420,153,facebook,social,FACEBOOK_SUMMER24,False,1676,tablet
421,154,google,cpc,GOOGLE_BRAND,False,673,mobile
422,154,google,cpc,GOOGLE_SUMMER24,False,262,desktop
423,154,organic,organic,,False,913,tablet
424,155,email,email,EMAIL_BRAND,False,,desktop
425,156,google,cpc,GOOGLE_SPRING24,False,1230,desktop
426,157,organic,organic,,True,0,tablet
427,157,instagram,social,INSTAGRAM_RETARGET,True,0,mobile
428,157,organic,organic,,False,1268,tablet
429,157,facebook,social,FACEBOOK_SPRING24,False,408,tablet
430,158,facebook,social,FACEBOOK_BRAND,False,965,tablet
431,158,facebook,social,FACEBOOK_SUMMER24,True,0,mobile
432,158,direct,,,False,342,mobile
433,158,organic,organic,,False,905,tablet
434,158,,,,True,0,mobile
435,158,instagram,social,INSTAGRAM_SUMMER24,False,1008,mobile
436,158,facebook,social,FACEBOOK_RETARGET,False,682,tablet
437,159,facebook,social,FACEBOOK_SPRING24,False,215,desktop
438,159,google,cpc,GOOGLE_SUMMER24,True,0,tablet
439,159,google,cpc,GOOGLE_RETARGET,True,0,tablet
440,160,facebook,social,FACEBOOK_RETARGET,False,1309,desktop
441,160,facebook,social,FACEBOOK_SPRING24,False,137,mobile
442,161,instagram,social,INSTAGRAM_WELCOME,True,0,desktop
443,161,email,email,EMAIL_BRAND,False,1198,mobile
444,161,instagram,social,INSTAGRAM_BRAND,False,458,desktop
445,161,google,cpc,GOOGLE_RETARGET,False,520,desktop
446,161,direct,,,True,0,tablet
447,162,,,,False,1589,desktop
448,162,facebook,social,FACEBOOK_SPRING24,False,507,mobile
449,162,,,,False,1341,mobile
450,162,organic,organic,,True,0,desktop
451,162,email,email,EMAIL_SPRING24,False,964,tablet
452,162,google,cpc,GOOGLE_WELCOME,False,1456,tablet
453,163,organic,organic,,False,622,desktop
454,164,organic,organic,,False,1628,tablet
455,164,organic,organic,,True,0,tablet
456,164,,,,False,1282,desktop
457,164,organic,organic,,False,1163,mobile
458,165,facebook,social,FACEBOOK_SPRING24,False,1525,tablet
459,166,email,email,EMAIL_SUMMER24,False,562,desktop
460,166,google,cpc,GOOGLE_WELCOME,False,1010,mobile
461,166,organic,organic,,False,1106,desktop
462,166,facebook,social,FACEBOOK_SPRING24,True,0,desktop
463,166,google,cpc,GOOGLE_SUMMER24,False,172,desktop
464,167,instagram,social,INSTAGRAM_SUMMER24,False,1299,desktop
465,168,,,,False,1525,desktop
466,168,google,cpc,GOOGLE_SUMMER24,False,1079,desktop
467,168,facebook,social,FACEBOOK_WELCOME,False,1378,tablet
468,168,instagram,social,INSTAGRAM_BRAND,True,0,desktop
469,168,email,email,EMAIL_SUMMER24,False,605,mobile
470,168,facebook,social,FACEBOOK_RETARGET,False,1281,tablet
471,168,facebook,social,FACEBOOK_SUMMER24,False,1433,mobile
472,169,google,cpc,GOOGLE_WELCOME,False,917,mobile
473,170,google,cpc,GOOGLE_WELCOME,False,317,tablet
474,171,facebook,social,FACEBOOK_SPRING24,False,1037,desktop
475,171,google,cpc,GOOGLE_BRAND,False,693,desktop
476,171,direct,,,False,1189,tablet
477,171,facebook,social,FACEBOOK_SPRING24,False,97,tablet
478,171,facebook,social,FACEBOOK_RETARGET,False,466,mobile
479,171,google,cpc,GOOGLE_SUMMER24,False,469,desktop
480,171,google,cpc,GOOGLE_BRAND,False,1401,mobile
481,172,google,cpc,GOOGLE_WELCOME,False,1062,tablet
482,172,facebook,social,FACEBOOK_RETARGET,False,,desktop
483,172,facebook,social,FACEBOOK_RETARGET,False,194,desktop
484,172,direct,,,False,1665,desktop
485,172,,,,False,191,desktop
486,172,direct,,,False,1224,mobile
487,172,instagram,social,INSTAGRAM_WELCOME,False,1153,tablet
488,173,google,cpc,GOOGLE_RETARGET,False,1019,desktop
489,173,facebook,social,FACEBOOK_BRAND,False,474,mobile
490,173,facebook,social,FACEBOOK_RETARGET,True,0,tablet
491,173,instagram,social,INSTAGRAM_RETARGET,False,1335,mobile
492,174,,,,False,1205,desktop
493,174,organic,organic,,False,1436,desktop
494,174,organic,organic,,True,0,desktop
495,174,organic,organic,,True,0,desktop
496,175,facebook,social,FACEBOOK_SPRING24,True,0,desktop
497,175,,,,False,1099,mobile
498,175,google,cpc,GOOGLE_SUMMER24,False,1241,tablet
499,175,direct,,,False,631,tablet
500,175,google,cpc,GOOGLE_BRAND,False,,tablet
501,176,instagram,social,INSTAGRAM_WELCOME,False,348,mobile
502,177,google,cpc,GOOGLE_BRAND,False,1717,tablet
503,177,organic,organic,,False,248,mobile
504,178,,,,False,757,desktop
505,179,email,email,EMAIL_WELCOME,True,0,desktop
506,179,email,email,EMAIL_SPRING24,True,0,tablet
507,179,organic,organic,,False,444,mobile
508,179,organic,organic,,False,,desktop
509,179,google,cpc,GOOGLE_SPRING24,True,0,tablet
510,179,organic,organic,,False,533,desktop
511,180,google,cpc,GOOGLE_SPRING24,False,435,mobile
512,180,organic,organic,,True,0,mobile
513,180,direct,,,False,343,tablet
514,181,organic,organic,,True,0,tablet
515,181,instagram,social,INSTAGRAM_SUMMER24,False,366,tablet
516,181,,,,True,0,tablet
517,182,facebook,social,FACEBOOK_BRAND,True,0,tablet
518,182,google,cpc,GOOGLE_WELCOME,False,883,mobile
519,182,google,cpc,GOOGLE_WELCOME,True,0,mobile
520,182,google,cpc,GOOGLE_WELCOME,False,1156,mobile
521,182,instagram,social,INSTAGRAM_RETARGET,False,1244,tablet
522,183,facebook,social,FACEBOOK_RETARGET,False,1766,mobile
523,183,,,,False,,tablet
524,183,organic,organic,,False,1085,mobile
525,183,google,cpc,GOOGLE_RETARGET,False,223,mobile
526,183,facebook,social,FACEBOOK_SUMMER24,False,1233,desktop
527,183,facebook,social,FACEBOOK_RETARGET,False,585,tablet
528,183,facebook,social,FACEBOOK_RETARGET,False,1380,desktop
529,184,facebook,social,FACEBOOK_RETARGET,True,0,desktop
530,184,instagram,social,INSTAGRAM_SUMMER24,True,0,tablet
531,184,email,email,EMAIL_RETARGET,False,381,tablet
532,184,google,cpc,GOOGLE_BRAND,False,1571,tablet
533,184,instagram,social,INSTAGRAM_RETARGET,True,0,tablet
534,184,instagram,social,INSTAGRAM_WELCOME,False,1672,tablet
535,184,,,,False,258,desktop
536,184,facebook,social,FACEBOOK_RETARGET,True,0,mobile
537,185,,,,False,654,desktop
538,185,organic,organic,,False,1149,tablet
539,185,instagram,social,INSTAGRAM_SUMMER24,False,816,tablet
540,186,email,email,EMAIL_WELCOME,False,72,mobile
541,186,facebook,social,FACEBOOK_BRAND,True,0,tablet
542,186,facebook,social,FACEBOOK_RETARGET,False,746,mobile
543,186,facebook,social,FACEBOOK_WELCOME,False,1424,desktop
544,186,facebook,social,FACEBOOK_SPRING24,False,91,desktop
545,186,,,,False,1219,desktop
546,186,organic,organic,,False,215,mobile
547,187,facebook,social,FACEBOOK_BRAND,False,1381,tablet
548,187,facebook,social,FACEBOOK_RETARGET,True,0,tablet
549,187,direct,,,False,112,tablet
550,187,email,email,EMAIL_BRAND,False,203,tablet
551,188,facebook,social,FACEBOOK_BRAND,False,988,desktop
552,189,instagram,social,INSTAGRAM_WELCOME,False,1120,desktop
553,189,facebook,social,FACEBOOK_BRAND,False,1578,mobile
554,189,direct,,,True,0,tablet
555,189,facebook,social,FACEBOOK_BRAND,False,1761,desktop
556,190,instagram,social,INSTAGRAM_WELCOME,False,507,tablet
557,190,,,,False,146,desktop
558,190,email,email,EMAIL_SUMMER24,True,0,tablet
559,190,instagram,social,INSTAGRAM_SPRING24,True,0,mobile
560,190,email,email,EMAIL_WELCOME,False,1161,desktop
561,190,google,cpc,GOOGLE_WELCOME,True,0,desktop
562,191,organic,organic,,True,0,mobile
563,191,email,email,EMAIL_SPRING24,False,186,desktop
564,191,,,,False,1361,desktop
565,191,facebook,social,FACEBOOK_BRAND,False,262,tablet
566,192,facebook,social,FACEBOOK_SPRING24,True,0,mobile
567,192,email,email,EMAIL_WELCOME,False,1524,tablet
568,192,facebook,social,FACEBOOK_RETARGET,True,0,mobile
569,192,google,cpc,GOOGLE_WELCOME,False,535,mobile
570,192,instagram,social,INSTAGRAM_SPRING24,False,882,mobile
571,192,direct,,,False,1480,desktop
572,192,organic,organic,,False,86,tablet
573,193,organic,organic,,False,505,desktop
574,193,organic,organic,,False,1678,tablet
575,193,facebook,social,FACEBOOK_RETARGET,False,819,desktop
576,193,google,cpc,GOOGLE_SUMMER24,False,1775,desktop
577,194,email,email,EMAIL_RETARGET,False,576,desktop
578,194,organic,organic,,False,696,mobile
579,194,google,cpc,GOOGLE_WELCOME,False,735,tablet
580,195,instagram,social,INSTAGRAM_SPRING24,False,1328,tablet
581,195,email,email,EMAIL_SUMMER24,True,0,mobile
582,195,facebook,social,FACEBOOK_BRAND,True,0,mobile
583,195,instagram,social,INSTAGRAM_SUMMER24,False,1419,desktop
584,195,instagram,social,INSTAGRAM_SUMMER24,True,0,tablet
585,196,email,email,EMAIL_SUMMER24,True,0,desktop
586,196,facebook,social,FACEBOOK_RETARGET,False,1183,mobile
587,196,direct,,,True,0,tablet
588,197,instagram,social,INSTAGRAM_RETARGET,False,320,desktop
589,197,,,,False,906,desktop
590,197,instagram,social,INSTAGRAM_SUMMER24,False,405,desktop
591,197,email,email,EMAIL_RETARGET,True,0,mobile
592,197,google,cpc,GOOGLE_WELCOME,False,402,desktop
593,198,facebook,social,FACEBOOK_WELCOME,True,0,desktop
594,198,facebook,social,FACEBOOK_RETARGET,True,0,desktop
595,198,direct,,,False,449,tablet
596,198,organic,organic,,True,0,mobile
597,199,facebook,social,FACEBOOK_SUMMER24,False,740,tablet
598,199,organic,organic,,False,,tablet
599,199,facebook,social,FACEBOOK_RETARGET,False,285,tablet
600,200,facebook,social,FACEBOOK_BRAND,False,709,mobile
601,201,instagram,social,INSTAGRAM_WELCOME,True,0,mobile
602,202,direct,,,False,895,desktop
603,202,instagram,social,INSTAGRAM_RETARGET,False,661,desktop
604,202,organic,organic,,False,1318,mobile
605,202,google,cpc,GOOGLE_SUMMER24,True,0,desktop
606,202,google,cpc,GOOGLE_RETARGET,False,1028,desktop
607,202,instagram,social,INSTAGRAM_RETARGET,True,0,tablet
608,202,google,cpc,GOOGLE_SPRING24,True,0,desktop
609,203,email,email,EMAIL_WELCOME,False,1373,tablet
610,204,instagram,social,INSTAGRAM_BRAND,True,0,mobile
611,204,email,email,EMAIL_SPRING24,False,68,tablet
612,204,facebook,social,FACEBOOK_BRAND,False,232,mobile
613,204,google,cpc,GOOGLE_RETARGET,False,566,mobile
614,204,direct,,,False,680,tablet
615,204,organic,organic,,True,0,mobile
616,204,organic,organic,,False,128,tablet
617,204,facebook,social,FACEBOOK_RETARGET,True,0,mobile
618,205,google,cpc,GOOGLE_SUMMER24,True,0,desktop
619,205,organic,organic,,False,330,desktop
620,205,organic,organic,,False,1417,desktop
621,205,email,email,EMAIL_BRAND,True,0,desktop
622,205,instagram,social,INSTAGRAM_BRAND,False,199,desktop
623,205,instagram,social,INSTAGRAM_RETARGET,True,0,tablet
624,205,direct,,,False,1476,desktop
625,206,google,cpc,GOOGLE_RETARGET,False,1656,mobile
626,206,organic,organic,,False,524,desktop
627,206,organic,organic,,False,1066,desktop
628,207,organic,organic,,False,533,tablet
629,207,email,email,EMAIL_SPRING24,True,0,tablet
630,208,,,,False,1457,tablet
631,208,instagram,social,INSTAGRAM_RETARGET,False,557,mobile
632,209,email,email,EMAIL_BRAND,True,0,tablet
633,210,google,cpc,GOOGLE_RETARGET,True,0,mobile
634,211,organic,organic,,False,1539,desktop
635,211,organic,organic,,False,753,tablet
636,211,facebook,social,FACEBOOK_WELCOME,True,0,mobile
637,212,email,email,EMAIL_SUMMER24,False,443,mobile
638,213,direct,,,False,191,desktop
639,213,instagram,social,INSTAGRAM_SPRING24,True,0,mobile
640,213,organic,organic,,False,,desktop
641,214,facebook,social,FACEBOOK_RETARGET,True,0,mobile
642,214,organic,organic,,False,866,tablet
643,214,organic,organic,,False,610,desktop
644,215,organic,organic,,False,1687,mobile
645,215,google,cpc,GOOGLE_SPRING24,False,661,desktop
646,216,,,,False,1338,tablet
647,216,google,cpc,GOOGLE_WELCOME,False,976,mobile
648,216,google,cpc,GOOGLE_WELCOME,False,1762,tablet
649,216,google,cpc,GOOGLE_WELCOME,False,814,tablet
650,216,organic,organic,,False,1652,mobile
651,216,google,cpc,GOOGLE_SPRING24,False,279,mobile
652,217,email,email,EMAIL_RETARGET,False,443,mobile
653,217,,,,True,0,tablet
654,217,email,email,EMAIL_WELCOME,False,1279,tablet
655,218,direct,,,False,1592,desktop
656,219,organic,organic,,True,0,mobile
657,219,email,email,EMAIL_SPRING24,False,1615,mobile
658,219,google,cpc,GOOGLE_SPRING24,True,0,mobile
659,219,,,,False,919,desktop
660,219,google,cpc,GOOGLE_WELCOME,False,297,mobile
661,219,direct,,,True,0,desktop
662,220,google,cpc,GOOGLE_WELCOME,False,1560,tablet
663,220,google,cpc,GOOGLE_BRAND,False,482,desktop
664,221,direct,,,False,1412,mobile
665,221,google,cpc,GOOGLE_SPRING24,False,1074,mobile
666,222,,,,True,0,mobile
667,222,,,,False,1308,tablet
668,223,instagram,social,INSTAGRAM_BRAND,False,1492,desktop
669,223,email,email,EMAIL_BRAND,False,315,desktop
670,223,google,cpc,GOOGLE_BRAND,False,1281,tablet
671,223,direct,,,False,419,mobile
672,223,instagram,social,INSTAGRAM_RETARGET,False,1530,tablet
673,224,google,cpc,GOOGLE_BRAND,False,1082,tablet
674,224,google,cpc,GOOGLE_BRAND,False,509,desktop
675,224,,,,True,0,desktop
676,224,organic,organic,,False,112,mobile
677,224,facebook,social,FACEBOOK_SPRING24,False,498,tablet
678,224,organic,organic,,False,1377,tablet
679,224,facebook,social,FACEBOOK_WELCOME,False,1684,tablet
680,224,organic,organic,,False,522,tablet
681,225,instagram,social,INSTAGRAM_SUMMER24,False,1711,mobile
682,225,instagram,social,INSTAGRAM_SUMMER24,False,928,tablet
683,225,instagram,social,INSTAGRAM_BRAND,False,823,tablet
684,226,direct,,,False,1513,mobile
685,226,instagram,social,INSTAGRAM_RETARGET,False,279,tablet
686,227,organic,organic,,False,81,tablet
687,227,,,,False,240,tablet
688,227,google,cpc,GOOGLE_SUMMER24,True,0,desktop
689,227,facebook,social,FACEBOOK_RETARGET,True,0,mobile
690,227,email,email,EMAIL_RETARGET,True,0,desktop
691,228,google,cpc,GOOGLE_RETARGET,True,0,tablet
692,228,google,cpc,GOOGLE_SPRING24,False,1188,desktop
693,228,email,email,EMAIL_RETARGET,False,1722,mobile
694,228,organic,organic,,False,1381,tablet
695,228,google,cpc,GOOGLE_BRAND,False,853,desktop
696,228,organic,organic,,False,922,tablet
697,229,organic,organic,,False,1645,desktop
698,230,organic,organic,,True,0,tablet
699,230,organic,organic,,True,0,tablet
700,230,google,cpc,GOOGLE_RETARGET,False,53,tablet
701,231,facebook,social,FACEBOOK_SUMMER24,True,0,tablet
702,232,instagram,social,INSTAGRAM_BRAND,False,837,desktop
703,232,,,,True,0,mobile
704,232,instagram,social,INSTAGRAM_RETARGET,True,0,mobile
705,232,organic,organic,,False,389,mobile
706,232,facebook,social,FACEBOOK_RETARGET,False,135,desktop
707,233,google,cpc,GOOGLE_RETARGET,True,0,mobile
708,234,facebook,social,FACEBOOK_SPRING24,True,0,mobile
709,234,organic,organic,,False,1555,mobile
710,235,instagram,social,INSTAGRAM_RETARGET,True,0,mobile
711,236,,,,False,1215,mobile
712,236,organic,organic,,True,0,tablet
713,237,direct,,,False,306,mobile
714,237,instagram,social,INSTAGRAM_RETARGET,False,1151,mobile
715,238,organic,organic,,True,0,mobile
716,238,facebook,social,FACEBOOK_WELCOME,False,793,tablet
717,238,organic,organic,,False,108,tablet
718,238,facebook,social,FACEBOOK_RETARGET,False,1715,tablet
719,238,,,,False,1657,tablet
720,239,facebook,social,FACEBOOK_RETARGET,True,0,tablet
721,239,facebook,social,FACEBOOK_RETARGET,False,,tablet
722,239,organic,organic,,True,0,desktop
723,239,direct,,,False,1441,desktop
724,239,google,cpc,GOOGLE_SPRING24,False,1719,desktop
725,239,google,cpc,GOOGLE_RETARGET,False,748,tablet
726,239,google,cpc,GOOGLE_WELCOME,False,,tablet
727,240,organic,organic,,False,407,tablet
728,241,organic,organic,,True,0,desktop
729,241,facebook,social,FACEBOOK_WELCOME,False,1456,mobile
730,241,google,cpc,GOOGLE_RETARGET,True,0,desktop
731,242,google,cpc,GOOGLE_SUMMER24,False,1173,tablet
732,242,google,cpc,GOOGLE_BRAND,True,0,mobile
733,242,facebook,social,FACEBOOK_BRAND,False,1086,desktop
734,243,direct,,,False,532,desktop
735,244,organic,organic,,False,121,desktop
736,245,facebook,social,FACEBOOK_BRAND,False,755,mobile
737,245,organic,organic,,True,0,desktop
738,246,google,cpc,GOOGLE_SUMMER24,False,1186,tablet
739,246,,,,True,0,mobile
740,246,google,cpc,GOOGLE_WELCOME,True,0,tablet
741,247,instagram,social,INSTAGRAM_SPRING24,False,1297,desktop
742,248,facebook,social,FACEBOOK_WELCOME,False,1697,mobile
743,249,organic,organic,,False,210,tablet
744,249,google,cpc,GOOGLE_SPRING24,False,787,tablet
745,249,email,email,EMAIL_SPRING24,False,920,tablet
746,249,instagram,social,INSTAGRAM_SPRING24,False,1160,desktop
747,249,google,cpc,GOOGLE_RETARGET,True,0,tablet
748,249,organic,organic,,True,0,desktop
749,249,email,email,EMAIL_BRAND,False,710,tablet
750,250,instagram,social,INSTAGRAM_BRAND,True,0,mobile
751,250,organic,organic,,True,0,mobile
752,250,google,cpc,GOOGLE_BRAND,True,0,desktop
753,250,organic,organic,,False,512,mobile
754,251,organic,organic,,False,1349,desktop
755,252,email,email,EMAIL_SUMMER24,False,1250,desktop
756,252,instagram,social,INSTAGRAM_SUMMER24,True,0,tablet
757,252,,,,True,0,mobile
758,253,email,email,EMAIL_WELCOME,True,0,desktop
759,253,organic,organic,,False,1199,desktop
760,253,facebook,social,FACEBOOK_WELCOME,True,0,desktop
761,254,instagram,social,INSTAGRAM_SPRING24,False,1434,tablet
762,254,facebook,social,FACEBOOK_WELCOME,False,784,mobile
763,254,facebook,social,FACEBOOK_SPRING24,False,1151,desktop
764,254,google,cpc,GOOGLE_BRAND,False,752,mobile
765,254,google,cpc,GOOGLE_SUMMER24,True,0,desktop
766,255,,,,True,0,mobile
767,255,,,,False,791,mobile
768,255,,,,True,0,desktop
769,255,direct,,,False,903,mobile
770,256,email,email,EMAIL_SUMMER24,False,1437,tablet
771,257,direct,,,False,1764,mobile
772,257,facebook,social,FACEBOOK_WELCOME,False,1758,tablet
773,258,organic,organic,,False,1634,mobile
774,258,instagram,social,INSTAGRAM_BRAND,False,1077,desktop
775,258,instagram,social,INSTAGRAM_RETARGET,False,1028,tablet
776,258,organic,organic,,False,1345,mobile
777,258,instagram,social,INSTAGRAM_SUMMER24,False,641,desktop
778,258,google,cpc,GOOGLE_WELCOME,True,0,mobile
779,259,facebook,social,FACEBOOK_BRAND,False,1210,tablet
780,260,instagram,social,INSTAGRAM_RETARGET,False,1662,desktop
781,260,google,cpc,GOOGLE_RETARGET,True,0,tablet
782,260,facebook,social,FACEBOOK_SPRING24,False,1042,tablet
783,261,,,,True,0,mobile
784,262,google,cpc,GOOGLE_WELCOME,True,0,tablet
785,262,google,cpc,GOOGLE_BRAND,False,1766,tablet
786,262,google,cpc,GOOGLE_WELCOME,False,724,desktop
787,263,email,email,EMAIL_SPRING24,False,1064,mobile
788,263,facebook,social,FACEBOOK_SUMMER24,False,1071,tablet
789,263,organic,organic,,False,1636,mobile
790,263,email,email,EMAIL_RETARGET,True,0,desktop
791,263,google,cpc,GOOGLE_SUMMER24,False,277,tablet
792,263,instagram,social,INSTAGRAM_WELCOME,False,873,desktop
793,263,facebook,social,FACEBOOK_BRAND,True,0,mobile
794,264,direct,,,False,1651,tablet
795,264,direct,,,True,0,desktop
796,264,instagram,social,INSTAGRAM_SUMMER24,False,688,desktop
797,264,,,,True,0,tablet
798,264,google,cpc,GOOGLE_BRAND,False,397,desktop
799,264,google,cpc,GOOGLE_WELCOME,False,158,desktop
800,265,facebook,social,FACEBOOK_RETARGET,False,241,desktop
801,265,email,email,EMAIL_RETARGET,False,1787,mobile
802,266,google,cpc,GOOGLE_BRAND,False,1218,tablet
803,266,facebook,social,FACEBOOK_SPRING24,False,927,desktop
804,267,instagram,social,INSTAGRAM_BRAND,False,957,mobile
805,267,facebook,social,FACEBOOK_RETARGET,False,1740,desktop
806,267,organic,organic,,False,373,mobile
807,268,instagram,social,INSTAGRAM_RETARGET,False,390,mobile
808,268,organic,organic,,True,0,mobile
809,268,direct,,,False,151,tablet
810,268,google,cpc,GOOGLE_RETARGET,False,1575,desktop
811,268,email,email,EMAIL_BRAND,False,682,mobile
812,268,google,cpc,GOOGLE_SPRING24,False,164,tablet
813,269,facebook,social,FACEBOOK_RETARGET,False,827,desktop
814,269,organic,organic,,True,0,tablet
815,269,instagram,social,INSTAGRAM_RETARGET,True,0,tablet
816,269,facebook,social,FACEBOOK_RETARGET,True,0,desktop
817,270,email,email,EMAIL_BRAND,True,0,desktop
818,270,instagram,social,INSTAGRAM_RETARGET,True,0,tablet
819,270,google,cpc,GOOGLE_WELCOME,True,0,desktop
820,270,google,cpc,GOOGLE_SPRING24,False,1105,tablet
821,270,email,email,EMAIL_BRAND,False,1482,mobile
822,271,instagram,social,INSTAGRAM_BRAND,True,0,desktop
823,271,,,,True,0,mobile
824,272,,,,True,0,tablet
825,273,email,email,EMAIL_SUMMER24,False,105,mobile
826,274,organic,organic,,True,0,mobile
827,274,facebook,social,FACEBOOK_RETARGET,True,0,mobile
828,274,facebook,social,FACEBOOK_SUMMER24,True,0,tablet
829,274,google,cpc,GOOGLE_SUMMER24,False,150,desktop
830,274,facebook,social,FACEBOOK_SPRING24,False,856,tablet
831,275,organic,organic,,False,1756,desktop
832,275,organic,organic,,False,1441,tablet
833,276,organic,organic,,False,666,tablet
834,277,google,cpc,GOOGLE_BRAND,False,1061,mobile
835,277,organic,organic,,False,491,mobile
836,278,instagram,social,INSTAGRAM_SUMMER24,False,137,desktop
837,278,google,cpc,GOOGLE_RETARGET,True,0,mobile
838,279,organic,organic,,False,1528,mobile
839,280,email,email,EMAIL_SPRING24,False,864,desktop
840,281,,,,True,0,tablet
841,281,direct,,,True,0,tablet
842,281,organic,organic,,False,796,mobile
843,281,organic,organic,,True,0,desktop
844,282,google,cpc,GOOGLE_SUMMER24,False,272,tablet
845,283,facebook,social,FACEBOOK_SPRING24,False,971,tablet
846,283,facebook,social,FACEBOOK_SUMMER24,False,635,desktop
847,283,facebook,social,FACEBOOK_RETARGET,True,0,desktop
848,284,instagram,social,INSTAGRAM_RETARGET,False,1520,mobile
849,284,,,,False,890,desktop
850,285,organic,organic,,True,0,desktop
851,285,facebook,social,FACEBOOK_WELCOME,False,1256,desktop
852,285,organic,organic,,True,0,mobile
853,286,instagram,social,INSTAGRAM_WELCOME,False,866,tablet
854,287,facebook,social,FACEBOOK_BRAND,True,0,mobile
855,287,facebook,social,FACEBOOK_BRAND,True,0,desktop
856,288,direct,,,False,1015,desktop
857,288,google,cpc,GOOGLE_RETARGET,False,1521,desktop
858,288,,,,False,72,tablet
859,288,facebook,social,FACEBOOK_RETARGET,False,316,tablet
860,288,direct,,,True,0,mobile
861,288,organic,organic,,False,1461,mobile
862,288,direct,,,True,0,desktop
863,289,instagram,social,INSTAGRAM_BRAND,False,798,tablet
864,290,direct,,,True,0,tablet
865,290,email,email,EMAIL_SUMMER24,True,0,mobile
866,291,organic,organic,,True,0,mobile
867,291,google,cpc,GOOGLE_SPRING24,False,870,tablet
868,291,organic,organic,,True,0,desktop
869,291,organic,organic,,True,0,mobile
870,291,,,,False,395,tablet
871,291,email,email,EMAIL_SUMMER24,True,0,desktop
872,292,,,,False,788,mobile
873,292,google,cpc,GOOGLE_SUMMER24,False,1392,mobile
874,293,direct,,,False,100,tablet
875,294,organic,organic,,False,1574,desktop
876,294,email,email,EMAIL_BRAND,False,774,desktop
877,294,email,email,EMAIL_WELCOME,False,790,desktop
878,294,facebook,social,FACEBOOK_SPRING24,True,0,tablet
879,295,google,cpc,GOOGLE_SPRING24,False,587,mobile
880,295,instagram,social,INSTAGRAM_RETARGET,False,1367,tablet
881,296,google,cpc,GOOGLE_WELCOME,False,1668,tablet
882,296,facebook,social,FACEBOOK_RETARGET,False,1269,desktop
883,296,direct,,,False,1363,mobile
884,296,facebook,social,FACEBOOK_SUMMER24,False,1796,tablet
885,296,google,cpc,GOOGLE_RETARGET,False,632,tablet
886,296,google,cpc,GOOGLE_RETARGET,False,1002,mobile
887,296,google,cpc,GOOGLE_SPRING24,True,0,tablet
888,297,direct,,,True,0,desktop
889,298,google,cpc,GOOGLE_SUMMER24,False,1312,mobile
890,298,facebook,social,FACEBOOK_SUMMER24,False,1584,mobile
891,298,facebook,social,FACEBOOK_RETARGET,False,1622,desktop
892,299,facebook,social,FACEBOOK_WELCOME,True,0,mobile
893,299,email,email,EMAIL_SUMMER24,False,252,mobile
894,299,direct,,,True,0,mobile
895,299,instagram,social,INSTAGRAM_RETARGET,False,669,tablet
896,299,instagram,social,INSTAGRAM_BRAND,False,233,tablet
897,300,google,cpc,GOOGLE_WELCOME,False,1038,mobile
898,300,facebook,social,FACEBOOK_SPRING24,False,647,tablet
899,300,facebook,social,FACEBOOK_BRAND,False,1712,desktop
900,300,,,,False,327,mobile
901,300,organic,organic,,False,1449,mobile
902,301,facebook,social,FACEBOOK_SUMMER24,False,1137,desktop
903,301,instagram,social,INSTAGRAM_WELCOME,False,815,tablet
904,301,facebook,social,FACEBOOK_SUMMER24,False,1137,mobile
905,301,email,email,EMAIL_BRAND,False,125,tablet
906,301,instagram,social,INSTAGRAM_SUMMER24,False,919,desktop
907,302,google,cpc,GOOGLE_SUMMER24,False,33,tablet
908,302,organic,organic,,False,317,desktop
909,302,direct,,,True,0,desktop
910,302,,,,False,708,mobile
911,302,organic,organic,,True,0,mobile
912,302,facebook,social,FACEBOOK_WELCOME,False,368,desktop
913,303,organic,organic,,True,0,desktop
914,303,organic,organic,,True,0,tablet
915,303,facebook,social,FACEBOOK_SPRING24,True,0,mobile
916,303,organic,organic,,False,475,tablet
917,304,facebook,social,FACEBOOK_SPRING24,False,385,tablet
918,304,facebook,social,FACEBOOK_SUMMER24,True,0,mobile
919,304,google,cpc,GOOGLE_SPRING24,False,1689,tablet
920,304,google,cpc,GOOGLE_BRAND,False,1691,mobile
921,304,direct,,,True,0,tablet
922,304,google,cpc,GOOGLE_RETARGET,False,266,tablet
923,304,organic,organic,,True,0,desktop
924,304,google,cpc,GOOGLE_SPRING24,False,759,mobile
925,305,facebook,social,FACEBOOK_SPRING24,False,1078,desktop
926,305,instagram,social,INSTAGRAM_BRAND,False,655,desktop
927,306,google,cpc,GOOGLE_SPRING24,False,106,mobile
928,306,facebook,social,FACEBOOK_SUMMER24,False,1248,tablet
929,306,facebook,social,FACEBOOK_BRAND,False,1141,desktop
930,307,instagram,social,INSTAGRAM_SPRING24,False,1400,tablet
931,307,instagram,social,INSTAGRAM_SPRING24,False,566,tablet
932,307,google,cpc,GOOGLE_WELCOME,False,1341,tablet
933,308,facebook,social,FACEBOOK_RETARGET,False,1251,desktop
934,309,organic,organic,,False,689,desktop
935,310,google,cpc,GOOGLE_SUMMER24,True,0,mobile
936,310,,,,False,1618,mobile
937,310,organic,organic,,False,1697,mobile
938,310,facebook,social,FACEBOOK_BRAND,False,1144,mobile
939,310,google,cpc,GOOGLE_RETARGET,True,0,tablet
940,310,organic,organic,,False,839,mobile
941,311,instagram,social,INSTAGRAM_SUMMER24,False,307,tablet
942,312,direct,,,True,0,tablet
943,313,google,cpc,GOOGLE_WELCOME,False,1043,desktop
944,313,facebook,social,FACEBOOK_SPRING24,False,847,mobile
945,314,organic,organic,,False,353,mobile
946,314,facebook,social,FACEBOOK_RETARGET,False,36,desktop
947,314,instagram,social,INSTAGRAM_SUMMER24,False,1069,tablet
948,315,google,cpc,GOOGLE_SPRING24,False,1717,tablet
949,315,organic,organic,,False,515,tablet
950,315,direct,,,False,101,mobile
951,315,direct,,,False,373,mobile
952,315,facebook,social,FACEBOOK_SPRING24,False,791,mobile
953,315,,,,False,1584,desktop
954,316,facebook,social,FACEBOOK_SPRING24,False,1179,desktop
955,317,direct,,,False,132,tablet
956,317,facebook,social,FACEBOOK_WELCOME,True,0,desktop
957,317,instagram,social,INSTAGRAM_SPRING24,True,0,desktop
958,317,google,cpc,GOOGLE_BRAND,False,856,desktop
959,317,google,cpc,GOOGLE_WELCOME,True,0,desktop
960,317,facebook,social,FACEBOOK_RETARGET,False,1113,mobile
961,318,email,email,EMAIL_SUMMER24,True,0,tablet
962,318,google,cpc,GOOGLE_SUMMER24,True,0,desktop
963,318,google,cpc,GOOGLE_RETARGET,False,79,mobile
964,318,instagram,social,INSTAGRAM_WELCOME,True,0,desktop
965,318,instagram,social,INSTAGRAM_SUMMER24,False,1580,desktop
966,318,organic,organic,,False,1705,mobile
967,318,google,cpc,GOOGLE_SPRING24,True,0,desktop
968,318,google,cpc,GOOGLE_SUMMER24,True,0,desktop
969,319,organic,organic,,False,607,mobile
970,319,facebook,social,FACEBOOK_SUMMER24,False,397,mobile
971,320,organic,organic,,False,985,mobile
972,320,organic,organic,,True,0,tablet
973,320,facebook,social,FACEBOOK_SUMMER24,False,575,mobile
974,320,google,cpc,GOOGLE_SUMMER24,True,0,mobile
975,320,instagram,social,INSTAGRAM_WELCOME,False,488,desktop
976,321,instagram,social,INSTAGRAM_SPRING24,False,566,desktop
977,321,instagram,social,INSTAGRAM_WELCOME,False,387,mobile
978,322,google,cpc,GOOGLE_RETARGET,False,1257,mobile
979,322,,,,False,213,tablet
980,322,facebook,social,FACEBOOK_WELCOME,False,1221,desktop
981,323,google,cpc,GOOGLE_RETARGET,True,0,mobile
982,324,google,cpc,GOOGLE_SUMMER24,True,0,desktop
983,325,direct,,,False,986,mobile
984,325,organic,organic,,True,0,mobile
985,325,organic,organic,,True,0,tablet
986,325,,,,False,908,desktop
987,325,direct,,,True,0,tablet
988,325,organic,organic,,True,0,mobile
989,326,email,email,EMAIL_SUMMER24,False,829,tablet
990,326,,,,False,801,desktop
991,326,organic,organic,,True,0,mobile
992,326,organic,organic,,False,33,tablet
993,326,instagram,social,INSTAGRAM_BRAND,True,0,mobile
994,326,organic,organic,,False,365,tablet
995,326,facebook,social,FACEBOOK_SUMMER24,False,583,desktop
996,327,organic,organic,,True,0,mobile
997,327,google,cpc,GOOGLE_WELCOME,False,770,tablet
998,327,facebook,social,FACEBOOK_SUMMER24,False,1267,mobile
999,327,email,email,EMAIL_WELCOME,True,0,desktop
1000,327,facebook,social,FACEBOOK_SPRING24,False,1792,tablet
1001,328,organic,organic,,False,542,tablet
1002,329,email,email,EMAIL_SUMMER24,False,432,desktop
1003,329,instagram,social,INSTAGRAM_RETARGET,False,996,mobile
1004,329,google,cpc,GOOGLE_SUMMER24,True,0,desktop
1005,330,organic,organic,,True,0,mobile
1006,330,email,email,EMAIL_BRAND,True,0,mobile
1007,330,instagram,social,INSTAGRAM_RETARGET,False,839,tablet
1008,330,organic,organic,,False,1250,desktop
1009,330,google,cpc,GOOGLE_SPRING24,False,1334,mobile
1010,330,email,email,EMAIL_WELCOME,True,0,tablet
1011,330,email,email,EMAIL_SPRING24,False,232,desktop
1012,331,google,cpc,GOOGLE_RETARGET,False,924,desktop
1013,331,instagram,social,INSTAGRAM_SUMMER24,True,0,tablet
1014,331,organic,organic,,True,0,mobile
1015,331,organic,organic,,True,0,desktop
1016,331,google,cpc,GOOGLE_SUMMER24,True,0,desktop
1017,332,organic,organic,,True,0,tablet
1018,332,organic,organic,,False,245,mobile
1019,333,,,,False,257,mobile
1020,334,google,cpc,GOOGLE_RETARGET,False,1243,desktop
1021,334,direct,,,False,602,mobile
1022,334,direct,,,False,1675,mobile
1023,334,direct,,,False,315,desktop
1024,334,organic,organic,,False,994,mobile
1025,334,instagram,social,INSTAGRAM_WELCOME,True,0,desktop
1026,335,email,email,EMAIL_WELCOME,False,883,desktop
1027,335,email,email,EMAIL_WELCOME,True,0,tablet
1028,335,facebook,social,FACEBOOK_BRAND,False,1108,tablet
1029,335,facebook,social,FACEBOOK_BRAND,False,1094,tablet
1030,335,organic,organic,,True,0,mobile
1031,335,,,,False,288,mobile
1032,335,facebook,social,FACEBOOK_SUMMER24,False,310,tablet
1033,335,facebook,social,FACEBOOK_SUMMER24,True,0,mobile
1034,336,organic,organic,,False,68,desktop
1035,337,organic,organic,,True,0,tablet
1036,337,google,cpc,GOOGLE_WELCOME,True,0,mobile
1037,338,email,email,EMAIL_RETARGET,True,0,mobile
1038,339,email,email,EMAIL_WELCOME,False,1494,tablet
1039,339,google,cpc,GOOGLE_SPRING24,True,0,tablet
1040,340,google,cpc,GOOGLE_SUMMER24,True,0,desktop
1041,341,organic,organic,,False,1186,tablet
1042,341,instagram,social,INSTAGRAM_SUMMER24,True,0,mobile
1043,341,,,,True,0,tablet
1044,342,google,cpc,GOOGLE_BRAND,False,173,desktop
1045,343,email,email,EMAIL_SUMMER24,True,0,desktop
1046,343,google,cpc,GOOGLE_SPRING24,True,0,desktop
1047,344,facebook,social,FACEBOOK_SUMMER24,False,1124,mobile
1048,344,google,cpc,GOOGLE_WELCOME,True,0,mobile
1049,344,,,,True,0,tablet
1050,345,,,,True,0,mobile
1051,345,google,cpc,GOOGLE_WELCOME,False,830,desktop
1052,345,facebook,social,FACEBOOK_WELCOME,False,1454,desktop
1053,346,instagram,social,INSTAGRAM_BRAND,False,322,desktop
1054,346,organic,organic,,False,609,tablet
1055,347,,,,True,0,tablet
1056,347,email,email,EMAIL_SUMMER24,False,1042,tablet
1057,348,,,,False,709,tablet
1058,348,google,cpc,GOOGLE_RETARGET,True,0,tablet
1059,348,google,cpc,GOOGLE_SUMMER24,False,1033,mobile
1060,349,organic,organic,,False,1615,desktop
1061,350,google,cpc,GOOGLE_WELCOME,True,0,desktop
1062,351,google,cpc,GOOGLE_SUMMER24,False,958,desktop
1063,351,email,email,EMAIL_RETARGET,False,302,tablet
1064,351,google,cpc,GOOGLE_WELCOME,False,1770,tablet
1065,352,instagram,social,INSTAGRAM_BRAND,False,780,desktop
1066,353,direct,,,True,0,tablet
1067,353,email,email,EMAIL_SUMMER24,False,,mobile
1068,354,organic,organic,,False,471,desktop
1069,355,instagram,social,INSTAGRAM_BRAND,False,967,mobile
1070,355,direct,,,False,423,mobile
1071,355,facebook,social,FACEBOOK_BRAND,False,1453,mobile
1072,356,organic,organic,,False,313,desktop
1073,357,email,email,EMAIL_SPRING24,False,755,desktop
1074,357,google,cpc,GOOGLE_SPRING24,False,1415,desktop
1075,357,google,cpc,GOOGLE_SUMMER24,True,0,desktop
1076,358,direct,,,False,546,mobile
1077,359,instagram,social,INSTAGRAM_WELCOME,True,0,desktop
1078,360,instagram,social,INSTAGRAM_SUMMER24,False,909,tablet
1079,360,facebook,social,FACEBOOK_SPRING24,False,1237,tablet
1080,360,organic,organic,,True,0,tablet
1081,360,google,cpc,GOOGLE_RETARGET,False,1037,mobile
1082,360,instagram,social,INSTAGRAM_BRAND,False,937,mobile
1083,360,instagram,social,INSTAGRAM_BRAND,True,0,mobile
1084,360,instagram,social,INSTAGRAM_BRAND,False,1245,desktop
1085,361,direct,,,True,0,desktop
1086,362,instagram,social,INSTAGRAM_SPRING24,False,1343,desktop
1087,363,email,email,EMAIL_RETARGET,False,1581,mobile
1088,363,instagram,social,INSTAGRAM_SUMMER24,False,348,desktop
1089,364,organic,organic,,False,1770,mobile
1090,365,google,cpc,GOOGLE_SPRING24,False,857,tablet
1091,365,organic,organic,,False,1312,tablet
1092,365,google,cpc,GOOGLE_WELCOME,False,448,desktop
1093,365,facebook,social,FACEBOOK_SUMMER24,False,269,desktop
1094,365,direct,,,False,,desktop
1095,366,facebook,social,FACEBOOK_WELCOME,False,1643,tablet
1096,366,google,cpc,GOOGLE_RETARGET,True,0,mobile
1097,366,email,email,EMAIL_BRAND,False,1243,mobile
1098,366,,,,False,409,desktop
1099,367,,,,False,814,mobile
1100,367,direct,,,False,218,mobile
1101,367,google,cpc,GOOGLE_BRAND,False,1741,desktop
1102,367,organic,organic,,False,432,mobile
1103,367,google,cpc,GOOGLE_BRAND,True,0,tablet
1104,368,organic,organic,,True,0,tablet
1105,368,direct,,,False,397,mobile
1106,368,google,cpc,GOOGLE_SUMMER24,False,1667,desktop
1107,368,google,cpc,GOOGLE_SPRING24,False,1299,tablet
1108,369,instagram,social,INSTAGRAM_BRAND,True,0,mobile
1109,369,facebook,social,FACEBOOK_SUMMER24,True,0,desktop
1110,369,facebook,social,FACEBOOK_SUMMER24,False,1020,desktop
1111,369,instagram,social,INSTAGRAM_SPRING24,True,0,desktop
1112,369,direct,,,False,344,mobile
1113,370,organic,organic,,False,79,desktop
1114,370,instagram,social,INSTAGRAM_BRAND,False,25,tablet
1115,370,,,,True,0,mobile
1116,370,instagram,social,INSTAGRAM_SUMMER24,True,0,desktop
1117,370,,,,True,0,mobile
1118,370,organic,organic,,True,0,desktop
1119,371,facebook,social,FACEBOOK_BRAND,False,971,desktop
1120,371,instagram,social,INSTAGRAM_RETARGET,False,527,tablet
1121,372,,,,False,1218,mobile
1122,372,instagram,social,INSTAGRAM_RETARGET,False,1545,desktop
1123,372,organic,organic,,False,1176,tablet
1124,372,instagram,social,INSTAGRAM_SPRING24,False,533,desktop
1125,372,facebook,social,FACEBOOK_SPRING24,True,0,desktop
1126,373,facebook,social,FACEBOOK_SPRING24,True,0,desktop
1127,373,google,cpc,GOOGLE_WELCOME,True,0,desktop
1128,374,facebook,social,FACEBOOK_RETARGET,False,673,tablet
1129,374,facebook,social,FACEBOOK_BRAND,True,0,mobile
1130,374,organic,organic,,False,1668,mobile
1131,374,,,,False,665,mobile
1132,375,instagram,social,INSTAGRAM_SPRING24,False,877,desktop
1133,376,organic,organic,,True,0,mobile
1134,377,email,email,EMAIL_BRAND,False,960,desktop
1135,378,,,,False,157,desktop
1136,379,facebook,social,FACEBOOK_WELCOME,False,1154,desktop
1137,379,google,cpc,GOOGLE_WELCOME,False,945,tablet
1138,379,direct,,,False,225,mobile
1139,379,google,cpc,GOOGLE_SPRING24,False,1779,desktop
1140,380,google,cpc,GOOGLE_WELCOME,False,1115,tablet
1141,381,,,,True,0,desktop
1142,381,facebook,social,FACEBOOK_BRAND,False,792,mobile
1143,381,google,cpc,GOOGLE_RETARGET,True,0,desktop
1144,381,google,cpc,GOOGLE_BRAND,False,861,tablet
1145,381,instagram,social,INSTAGRAM_SUMMER24,False,1369,desktop
1146,382,instagram,social,INSTAGRAM_SPRING24,True,0,desktop
1147,382,google,cpc,GOOGLE_BRAND,False,511,tablet
1148,383,google,cpc,GOOGLE_RETARGET,True,0,mobile
1149,383,google,cpc,GOOGLE_RETARGET,True,0,mobile
1150,383,google,cpc,GOOGLE_BRAND,False,1067,desktop
1151,383,instagram,social,INSTAGRAM_SUMMER24,False,231,mobile
1152,383,facebook,social,FACEBOOK_RETARGET,False,1066,desktop
1153,384,instagram,social,INSTAGRAM_WELCOME,False,1197,mobile
1154,385,email,email,EMAIL_SUMMER24,True,0,desktop
1155,385,facebook,social,FACEBOOK_RETARGET,False,942,mobile
1156,386,facebook,social,FACEBOOK_SUMMER24,True,0,tablet
1157,386,instagram,social,INSTAGRAM_SPRING24,False,772,tablet
1158,386,organic,organic,,False,617,mobile
1159,386,facebook,social,FACEBOOK_BRAND,False,902,mobile
1160,386,facebook,social,FACEBOOK_SPRING24,True,0,mobile
1161,386,organic,organic,,True,0,tablet
1162,387,direct,,,False,819,tablet
1163,388,facebook,social,FACEBOOK_SUMMER24,True,0,mobile
1164,388,organic,organic,,False,604,mobile
1165,388,instagram,social,INSTAGRAM_BRAND,False,640,tablet
1166,388,google,cpc,GOOGLE_SPRING24,True,0,desktop
1167,388,instagram,social,INSTAGRAM_SPRING24,False,891,mobile
1168,389,google,cpc,GOOGLE_SPRING24,False,985,desktop
1169,389,instagram,social,INSTAGRAM_SPRING24,False,1176,desktop
1170,389,instagram,social,INSTAGRAM_SUMMER24,False,1602,desktop
1171,389,instagram,social,INSTAGRAM_WELCOME,False,542,desktop
1172,389,instagram,social,INSTAGRAM_WELCOME,False,698,tablet
1173,389,instagram,social,INSTAGRAM_WELCOME,False,1506,mobile
1174,389,direct,,,True,0,desktop
1175,390,email,email,EMAIL_RETARGET,False,1539,desktop
1176,391,direct,,,False,935,tablet
1177,391,facebook,social,FACEBOOK_WELCOME,False,815,desktop
1178,391,google,cpc,GOOGLE_BRAND,False,718,mobile
1179,392,organic,organic,,False,725,mobile
1180,392,,,,False,1086,tablet
1181,393,facebook,social,FACEBOOK_WELCOME,True,0,desktop
1182,393,instagram,social,INSTAGRAM_SUMMER24,False,1229,desktop
1183,393,google,cpc,GOOGLE_WELCOME,False,16,mobile
1184,394,email,email,EMAIL_BRAND,False,1589,mobile
1185,394,facebook,social,FACEBOOK_SUMMER24,False,180,mobile
1186,395,facebook,social,FACEBOOK_RETARGET,False,215,desktop
1187,395,facebook,social,FACEBOOK_BRAND,False,675,mobile
1188,396,facebook,social,FACEBOOK_RETARGET,False,631,desktop
1189,396,,,,True,0,desktop
1190,396,google,cpc,GOOGLE_RETARGET,False,1046,tablet
1191,396,instagram,social,INSTAGRAM_RETARGET,False,855,tablet
1192,397,instagram,social,INSTAGRAM_SUMMER24,False,634,tablet
1193,398,organic,organic,,False,615,desktop
1194,398,instagram,social,INSTAGRAM_SPRING24,False,1577,desktop
1195,399,google,cpc,GOOGLE_SPRING24,False,214,tablet
1196,399,organic,organic,,False,263,tablet
1197,399,organic,organic,,True,0,mobile
1198,399,google,cpc,GOOGLE_RETARGET,True,0,tablet
1199,399,,,,False,28,tablet
1200,400,google,cpc,GOOGLE_SUMMER24,False,262,mobile
1201,400,google,cpc,GOOGLE_SPRING24,False,923,mobile
1202,400,instagram,social,INSTAGRAM_SUMMER24,False,1738,desktop
1203,400,organic,organic,,False,1362,desktop
1204,401,google,cpc,GOOGLE_SUMMER24,True,0,tablet
1205,402,instagram,social,INSTAGRAM_WELCOME,False,219,desktop
1206,402,organic,organic,,False,1443,desktop
1207,402,email,email,EMAIL_SUMMER24,True,0,desktop
1208,402,organic,organic,,True,0,desktop
1209,403,direct,,,True,0,desktop
1210,404,,,,True,0,mobile
1211,404,instagram,social,INSTAGRAM_BRAND,True,0,tablet
1212,404,facebook,social,FACEBOOK_SPRING24,True,0,mobile
1213,404,organic,organic,,False,956,mobile
1214,404,email,email,EMAIL_WELCOME,False,154,tablet
1215,404,facebook,social,FACEBOOK_RETARGET,False,384,tablet
1216,404,instagram,social,INSTAGRAM_SUMMER24,False,1220,desktop
1217,405,instagram,social,INSTAGRAM_SPRING24,True,0,tablet
1218,405,facebook,social,FACEBOOK_SPRING24,False,1406,mobile
1219,405,email,email,EMAIL_SUMMER24,True,0,mobile
1220,406,email,email,EMAIL_RETARGET,False,141,mobile
1221,406,,,,False,1257,mobile
1222,406,facebook,social,FACEBOOK_RETARGET,False,1320,mobile
1223,406,facebook,social,FACEBOOK_RETARGET,False,476,mobile
1224,407,email,email,EMAIL_SUMMER24,True,0,mobile
1225,407,,,,True,0,mobile
1226,408,email,email,EMAIL_BRAND,False,162,tablet
1227,408,google,cpc,GOOGLE_SUMMER24,False,985,desktop
1228,408,email,email,EMAIL_RETARGET,False,785,tablet
1229,408,google,cpc,GOOGLE_BRAND,False,256,mobile
1230,408,google,cpc,GOOGLE_WELCOME,False,529,desktop
1231,408,,,,False,1109,tablet
1232,409,facebook,social,FACEBOOK_BRAND,True,0,tablet
1233,409,organic,organic,,False,553,mobile
1234,409,instagram,social,INSTAGRAM_SUMMER24,False,1581,mobile
1235,409,direct,,,False,497,tablet
1236,409,facebook,social,FACEBOOK_SPRING24,False,1240,mobile
1237,409,,,,True,0,mobile
1238,410,organic,organic,,False,636,mobile
1239,410,,,,False,416,desktop
1240,411,google,cpc,GOOGLE_RETARGET,True,0,desktop
1241,411,google,cpc,GOOGLE_RETARGET,False,251,tablet
1242,411,,,,False,133,mobile
1243,411,google,cpc,GOOGLE_RETARGET,False,1669,tablet
1244,412,google,cpc,GOOGLE_SUMMER24,False,171,desktop
1245,413,facebook,social,FACEBOOK_BRAND,False,515,mobile
1246,414,organic,organic,,False,171,tablet
1247,414,instagram,social,INSTAGRAM_WELCOME,False,1773,tablet
1248,414,direct,,,False,1353,desktop
1249,415,instagram,social,INSTAGRAM_SPRING24,False,856,tablet
1250,415,facebook,social,FACEBOOK_SUMMER24,False,1738,mobile
1251,416,google,cpc,GOOGLE_WELCOME,False,1628,mobile
1252,416,instagram,social,INSTAGRAM_RETARGET,False,58,mobile
1253,417,facebook,social,FACEBOOK_SPRING24,True,0,tablet
1254,418,,,,True,0,mobile
1255,418,google,cpc,GOOGLE_RETARGET,False,1367,tablet
1256,419,direct,,,False,1711,tablet
1257,419,email,email,EMAIL_WELCOME,False,1287,desktop
1258,419,email,email,EMAIL_BRAND,False,1492,desktop
1259,419,instagram,social,INSTAGRAM_BRAND,False,1589,mobile
1260,420,email,email,EMAIL_SUMMER24,True,0,mobile
1261,420,email,email,EMAIL_WELCOME,True,0,mobile
1262,420,facebook,social,FACEBOOK_BRAND,False,1275,desktop
1263,420,email,email,EMAIL_BRAND,True,0,desktop
1264,420,email,email,EMAIL_SUMMER24,False,50,desktop
1265,420,,,,False,461,tablet
1266,420,facebook,social,FACEBOOK_BRAND,False,146,desktop
1267,421,facebook,social,FACEBOOK_RETARGET,True,0,tablet
1268,421,google,cpc,GOOGLE_BRAND,False,491,mobile
1269,421,organic,organic,,False,1202,tablet
1270,421,facebook,social,FACEBOOK_WELCOME,False,48,desktop
1271,422,organic,organic,,False,173,mobile
1272,422,google,cpc,GOOGLE_SUMMER24,False,775,tablet
1273,422,google,cpc,GOOGLE_RETARGET,False,308,tablet
1274,423,direct,,,False,617,mobile
1275,423,google,cpc,GOOGLE_SUMMER24,False,67,mobile
1276,423,instagram,social,INSTAGRAM_BRAND,False,1474,mobile
1277,423,email,email,EMAIL_SPRING24,False,322,tablet
1278,424,direct,,,False,1191,tablet
1279,425,google,cpc,GOOGLE_BRAND,False,1258,tablet
1280,425,instagram,social,INSTAGRAM_WELCOME,True,0,tablet
1281,426,facebook,social,FACEBOOK_WELCOME,True,0,desktop
1282,427,organic,organic,,False,854,desktop
1283,427,google,cpc,GOOGLE_WELCOME,False,1254,desktop
1284,427,organic,organic,,False,271,mobile
1285,427,organic,organic,,False,1255,desktop
1286,428,google,cpc,GOOGLE_RETARGET,False,318,tablet
1287,428,direct,,,True,0,mobile
1288,429,organic,organic,,False,1536,mobile
1289,429,instagram,social,INSTAGRAM_SUMMER24,False,286,tablet
1290,430,instagram,social,INSTAGRAM_SUMMER24,False,1155,desktop
1291,430,facebook,social,FACEBOOK_WELCOME,False,1277,tablet
1292,430,google,cpc,GOOGLE_WELCOME,False,852,tablet
1293,430,instagram,social,INSTAGRAM_RETARGET,False,1517,tablet
1294,430,email,email,EMAIL_BRAND,True,0,mobile
1295,430,organic,organic,,False,943,desktop
1296,431,organic,organic,,False,213,desktop
1297,432,instagram,social,INSTAGRAM_BRAND,False,1743,desktop
1298,432,facebook,social,FACEBOOK_SUMMER24,False,100,tablet
1299,433,google,cpc,GOOGLE_BRAND,True,0,tablet
1300,433,google,cpc,GOOGLE_WELCOME,True,0,desktop
1301,433,instagram,social,INSTAGRAM_SUMMER24,False,605,desktop
1302,433,email,email,EMAIL_SUMMER24,False,303,tablet
1303,433,instagram,social,INSTAGRAM_SUMMER24,True,0,mobile
1304,433,instagram,social,INSTAGRAM_SUMMER24,True,0,mobile
1305,434,direct,,,False,1081,desktop
1306,434,direct,,,False,260,desktop
1307,435,direct,,,False,253,mobile
1308,435,email,email,EMAIL_SPRING24,False,1053,desktop
1309,436,organic,organic,,True,0,tablet
1310,436,,,,True,0,tablet
1311,436,facebook,social,FACEBOOK_BRAND,False,1297,tablet
1312,437,google,cpc,GOOGLE_RETARGET,False,465,desktop
1313,437,google,cpc,GOOGLE_SUMMER24,False,593,tablet
1314,437,direct,,,False,21,desktop
1315,438,organic,organic,,True,0,tablet
1316,438,organic,organic,,False,495,desktop
1317,438,organic,organic,,True,0,desktop
1318,439,facebook,social,FACEBOOK_RETARGET,False,1305,desktop
1319,439,instagram,social,INSTAGRAM_SPRING24,True,0,desktop
1320,439,,,,False,252,desktop
1321,439,google,cpc,GOOGLE_RETARGET,False,1599,desktop
1322,439,instagram,social,INSTAGRAM_SUMMER24,True,0,desktop
1323,440,google,cpc,GOOGLE_WELCOME,True,0,desktop
1324,440,facebook,social,FACEBOOK_RETARGET,False,548,desktop
1325,441,facebook,social,FACEBOOK_SPRING24,False,854,mobile
1326,441,google,cpc,GOOGLE_SPRING24,False,1271,mobile
1327,442,,,,False,1613,desktop
1328,442,email,email,EMAIL_SPRING24,False,1077,tablet
1329,442,direct,,,False,1485,mobile
1330,443,instagram,social,INSTAGRAM_BRAND,False,42,mobile
1331,443,,,,False,1008,desktop
1332,443,google,cpc,GOOGLE_SUMMER24,True,0,tablet
1333,443,email,email,EMAIL_RETARGET,False,283,desktop
1334,443,google,cpc,GOOGLE_BRAND,False,1576,mobile
1335,443,email,email,EMAIL_BRAND,False,325,tablet
1336,444,email,email,EMAIL_WELCOME,False,885,mobile
1337,444,facebook,social,FACEBOOK_SUMMER24,True,0,tablet
1338,444,instagram,social,INSTAGRAM_WELCOME,False,470,tablet
1339,444,instagram,social,INSTAGRAM_BRAND,False,,desktop
1340,445,email,email,EMAIL_SPRING24,False,1198,desktop
1341,445,instagram,social,INSTAGRAM_RETARGET,False,1331,mobile
1342,445,google,cpc,GOOGLE_SUMMER24,True,0,desktop
1343,445,google,cpc,GOOGLE_RETARGET,False,984,tablet
1344,446,email,email,EMAIL_WELCOME,False,1531,mobile
1345,446,facebook,social,FACEBOOK_BRAND,False,,tablet
1346,446,email,email,EMAIL_RETARGET,False,656,mobile
1347,446,instagram,social,INSTAGRAM_RETARGET,False,1773,tablet
1348,447,instagram,social,INSTAGRAM_SPRING24,False,,tablet
1349,448,google,cpc,GOOGLE_SPRING24,True,0,desktop
1350,448,google,cpc,GOOGLE_BRAND,False,1548,desktop
1351,448,google,cpc,GOOGLE_SPRING24,False,617,tablet
1352,448,instagram,social,INSTAGRAM_BRAND,False,1169,mobile
1353,449,google,cpc,GOOGLE_BRAND,False,775,desktop
1354,450,direct,,,False,1760,mobile
1355,450,organic,organic,,False,665,mobile
1356,451,google,cpc,GOOGLE_SUMMER24,True,0,mobile
1357,451,instagram,social,INSTAGRAM_SPRING24,True,0,desktop
1358,452,facebook,social,FACEBOOK_BRAND,False,721,mobile
1359,452,facebook,social,FACEBOOK_RETARGET,False,641,desktop
1360,452,organic,organic,,False,429,mobile
1361,453,facebook,social,FACEBOOK_WELCOME,False,274,tablet
1362,454,facebook,social,FACEBOOK_BRAND,False,1668,tablet
1363,454,,,,True,0,mobile
1364,454,google,cpc,GOOGLE_BRAND,True,0,mobile
1365,455,facebook,social,FACEBOOK_SPRING24,True,0,desktop
1366,455,organic,organic,,False,1039,mobile
1367,456,email,email,EMAIL_RETARGET,False,1732,tablet
1368,456,direct,,,False,1312,tablet
1369,456,email,email,EMAIL_BRAND,False,1438,tablet
1370,457,organic,organic,,True,0,desktop
1371,458,organic,organic,,False,452,mobile
1372,458,facebook,social,FACEBOOK_SPRING24,True,0,desktop
1373,458,google,cpc,GOOGLE_BRAND,False,207,desktop
1374,458,direct,,,True,0,desktop
1375,458,instagram,social,INSTAGRAM_SPRING24,False,1457,tablet
1376,459,email,email,EMAIL_RETARGET,False,1309,mobile
1377,460,email,email,EMAIL_SPRING24,False,1270,mobile
1378,460,,,,False,1747,desktop
1379,461,facebook,social,FACEBOOK_BRAND,True,0,mobile
1380,461,organic,organic,,True,0,tablet
1381,461,,,,False,1493,tablet
1382,462,instagram,social,INSTAGRAM_SPRING24,True,0,tablet
1383,463,google,cpc,GOOGLE_RETARGET,True,0,tablet
1384,464,instagram,social,INSTAGRAM_SPRING24,False,1163,desktop
1385,465,organic,organic,,False,963,mobile
1386,465,organic,organic,,True,0,tablet
1387,466,email,email,EMAIL_SPRING24,True,0,desktop
1388,466,google,cpc,GOOGLE_SUMMER24,False,1409,mobile
1389,466,google,cpc,GOOGLE_SPRING24,False,602,mobile
1390,467,facebook,social,FACEBOOK_SUMMER24,True,0,mobile
1391,467,,,,False,204,tablet
1392,467,facebook,social,FACEBOOK_BRAND,False,1307,mobile
1393,468,facebook,social,FACEBOOK_BRAND,False,1453,tablet
1394,469,google,cpc,GOOGLE_BRAND,False,1536,mobile
1395,469,email,email,EMAIL_WELCOME,True,0,desktop
1396,469,direct,,,False,988,tablet
1397,469,facebook,social,FACEBOOK_RETARGET,False,84,mobile
1398,469,facebook,social,FACEBOOK_SPRING24,True,0,desktop
1399,470,,,,False,348,mobile
1400,470,google,cpc,GOOGLE_BRAND,False,1194,tablet
1401,471,facebook,social,FACEBOOK_WELCOME,False,1003,desktop
1402,471,direct,,,False,1053,desktop
1403,472,instagram,social,INSTAGRAM_SPRING24,True,0,mobile
1404,472,direct,,,False,421,tablet
1405,472,google,cpc,GOOGLE_WELCOME,False,125,desktop
1406,472,email,email,EMAIL_RETARGET,False,,mobile
1407,473,facebook,social,FACEBOOK_SPRING24,True,0,mobile
1408,474,facebook,social,FACEBOOK_BRAND,False,,mobile
1409,474,google,cpc,GOOGLE_BRAND,False,1446,desktop
1410,475,organic,organic,,False,211,desktop
1411,475,facebook,social,FACEBOOK_WELCOME,False,1693,desktop
1412,475,facebook,social,FACEBOOK_SPRING24,False,1386,tablet
1413,476,google,cpc,GOOGLE_SUMMER24,False,711,mobile
1414,477,direct,,,True,0,mobile
1415,477,google,cpc,GOOGLE_RETARGET,True,0,desktop
1416,477,instagram,social,INSTAGRAM_WELCOME,False,1397,mobile
1417,478,google,cpc,GOOGLE_RETARGET,False,1723,mobile
1418,479,organic,organic,,False,,desktop
1419,479,organic,organic,,False,,tablet
1420,480,instagram,social,INSTAGRAM_SPRING24,False,544,mobile
1421,480,email,email,EMAIL_RETARGET,False,1614,desktop
1422,480,,,,True,0,desktop
1423,480,email,email,EMAIL_SPRING24,True,0,desktop
1424,480,organic,organic,,True,0,tablet
1425,480,,,,False,96,desktop
1426,480,facebook,social,FACEBOOK_BRAND,False,531,tablet
1427,481,organic,organic,,True,0,desktop
1428,482,facebook,social,FACEBOOK_SPRING24,False,746,tablet
1429,482,facebook,social,FACEBOOK_SUMMER24,True,0,mobile
1430,483,organic,organic,,False,577,desktop
1431,484,direct,,,False,1695,desktop
1432,484,google,cpc,GOOGLE_WELCOME,True,0,tablet
1433,484,facebook,social,FACEBOOK_SPRING24,False,1319,desktop
1434,484,google,cpc,GOOGLE_WELCOME,False,1536,desktop
1435,485,organic,organic,,False,1275,mobile
1436,485,facebook,social,FACEBOOK_RETARGET,True,0,desktop
1437,485,email,email,EMAIL_SUMMER24,True,0,tablet
1438,485,organic,organic,,False,1403,mobile
1439,485,google,cpc,GOOGLE_RETARGET,False,577,tablet
1440,485,google,cpc,GOOGLE_SUMMER24,True,0,desktop
1441,485,google,cpc,GOOGLE_WELCOME,False,1262,tablet
1442,486,organic,organic,,False,,desktop
1443,486,facebook,social,FACEBOOK_RETARGET,True,0,tablet
1444,487,organic,organic,,False,538,tablet
1445,487,direct,,,False,722,tablet
1446,488,facebook,social,FACEBOOK_WELCOME,False,972,tablet
1447,488,google,cpc,GOOGLE_WELCOME,False,865,mobile
1448,488,organic,organic,,False,495,tablet
1449,488,facebook,social,FACEBOOK_SPRING24,True,0,mobile
1450,488,direct,,,True,0,mobile
1451,488,direct,,,False,460,tablet
1452,488,facebook,social,FACEBOOK_WELCOME,False,1375,tablet
1453,488,facebook,social,FACEBOOK_BRAND,False,476,desktop
1454,489,email,email,EMAIL_RETARGET,True,0,mobile
1455,489,facebook,social,FACEBOOK_BRAND,False,1577,mobile
1456,489,,,,False,871,tablet
1457,489,organic,organic,,True,0,tablet
1458,490,organic,organic,,False,61,mobile
1459,490,organic,organic,,False,201,mobile
1460,491,organic,organic,,False,1756,desktop
1461,491,organic,organic,,True,0,desktop
1462,491,facebook,social,FACEBOOK_WELCOME,True,0,mobile
1463,491,organic,organic,,False,1415,mobile
1464,492,instagram,social,INSTAGRAM_SPRING24,False,1730,mobile
1465,492,instagram,social,INSTAGRAM_SPRING24,True,0,mobile
1466,492,organic,organic,,False,977,mobile
1467,492,instagram,social,INSTAGRAM_WELCOME,False,1115,tablet
1468,493,organic,organic,,False,1710,desktop
1469,493,email,email,EMAIL_SPRING24,False,1482,tablet
1470,493,instagram,social,INSTAGRAM_SPRING24,True,0,desktop
1471,494,email,email,EMAIL_SPRING24,False,765,desktop
1472,494,direct,,,True,0,mobile
1473,494,organic,organic,,True,0,tablet
1474,494,email,email,EMAIL_WELCOME,False,1426,desktop
1475,495,facebook,social,FACEBOOK_SPRING24,False,318,mobile
1476,495,direct,,,False,643,mobile
1477,495,organic,organic,,False,915,mobile
1478,495,email,email,EMAIL_SUMMER24,True,0,desktop
1479,496,organic,organic,,True,0,mobile
1480,496,facebook,social,FACEBOOK_BRAND,True,0,desktop
1481,496,instagram,social,INSTAGRAM_BRAND,False,1281,desktop
1482,496,google,cpc,GOOGLE_BRAND,False,781,desktop
1483,496,google,cpc,GOOGLE_BRAND,False,1006,mobile
1484,497,facebook,social,FACEBOOK_WELCOME,True,0,mobile
1485,497,organic,organic,,False,259,desktop
1486,497,instagram,social,INSTAGRAM_SPRING24,False,1747,tablet
1487,498,facebook,social,FACEBOOK_SPRING24,False,217,tablet
1488,498,facebook,social,FACEBOOK_BRAND,False,1116,mobile
1489,498,organic,organic,,True,0,desktop
1490,498,organic,organic,,False,516,tablet
1491,498,google,cpc,GOOGLE_BRAND,True,0,desktop
1492,498,email,email,EMAIL_SPRING24,False,286,mobile
1493,499,organic,organic,,False,965,mobile
1494,500,google,cpc,GOOGLE_RETARGET,True,0,mobile
1495,500,google,cpc,GOOGLE_BRAND,False,1240,tablet
1496,,email,email,,True,32,mobile
1497,,direct,,,True,17,tablet
1498,,google,cpc,,True,21,desktop
1499,,organic,organic,,True,45,mobile
1500,,email,email,,True,35,tablet
1501,,direct,,,True,24,desktop
1502,,instagram,social,,True,22,tablet
1503,,instagram,social,,True,45,desktop
1504,,facebook,social,,True,36,mobile
1505,,email,email,,True,35,desktop
