user_id,email,created_at,city,age_group
1,nikos.papadopoulou1@outlook.com,2024-03-14 23:45:05,Patra,18-24
2,petros.nikolaou2@mail.gr,2024-01-16 07:47:20,Thessaloniki,25-34
3,alexandros.papadopoulou3@yahoo.com,2024-01-04 23:10:59,Chania,45-54
4,foteini.antoniou4@gmail.com,2024-04-10 08:26:19,Patra,45-54
5,katerina.ioannidis5@outlook.com,2024-03-23 12:16:51,Ioannina,18-24
6,christos.karagianni6@gmail.com,2023-09-11 17:30:47,Chania,18-24
7,despina.nikolaou7@outlook.com,2024-01-01 09:23:29,Rhodes,35-44
8,eleni.papadopoulou8@yahoo.com,2024-02-12 19:25:15,Thessaloniki,25-34
9,despina.antoniou9@outlook.com,2023-11-24 02:05:25,Volos,25-34
10,eleni.karagianni10@yahoo.com,2024-02-02 14:25:35,Heraklion,25-34
11,anna.stavrou11@yahoo.com,2024-02-23 06:08:03,Athens,25-34
12,ioanna.konstantinou12@gmail.com,2023-09-12 23:31:33,Rhodes,35-44
13,thanos.konstantinou13@mail.gr,2024-05-09 13:50:40,Patra,25-34
14,petros.antoniou14@mail.gr,2024-03-17 02:40:24,Ioannina,35-44
15,katerina.papadaki15@gmail.com,2023-12-09 15:54:03,Thessaloniki,25-34
16,kostas.karagianni16@mail.gr,2023-06-25 16:07:16,Kavala,55+
17,petros.papadopoulou17@gmail.com,2024-02-20 04:42:03,Chania,35-44
18,ioanna.nikolaou18@mail.gr,2023-09-22 23:37:10,Athens,35-44
19,dimitris.papadaki19@gmail.com,2024-05-20 10:18:28,Larissa,55+
20,katerina.vasileiou20@yahoo.com,2024-03-23 03:06:56,Chania,18-24
21,thanos.papadopoulou21@outlook.com,2023-07-14 10:40:57,Larissa,25-34
22,foteini.nikolaou22@mail.gr,2023-07-04 06:20:52,Chania,25-34
23,thanos.papadaki23@outlook.com,2023-08-04 03:05:41,Rhodes,45-54
24,petros.michailidis24@yahoo.com,2024-02-23 22:01:56,Ioannina,35-44
25,athina.dimitriou25@yahoo.com,2023-07-17 23:50:27,Volos,18-24
26,panagiotis.karagianni26@gmail.com,2023-08-25 12:34:29,,18-24
27,giorgos.vasileiou27@yahoo.com,2023-06-28 12:26:18,Kavala,25-34
28,foteini.karagianni28@yahoo.com,2023-12-01 13:36:47,Ioannina,25-34
29,kostas.vasileiou29@mail.gr,2023-11-12 12:02:20,Athens,18-24
30,ioanna.nikolaou30@yahoo.com,2023-09-05 13:38:42,Kavala,25-34
31,anna.dimitriou31@gmail.com,2023-09-06 00:21:53,Chania,18-24
32,petros.papadopoulou32@yahoo.com,2023-07-07 05:16:19,Kavala,45-54
33,,2023-08-03 22:31:45,Ioannina,35-44
34,vicky.antoniou34@mail.gr,2023-11-12 06:42:55,Larissa,25-34
35,foteini.michailidis35@gmail.com,2023-12-28 13:37:32,Athens,18-24
36,athina.papadaki36@gmail.com,2023-08-01 03:22:45,Thessaloniki,25-34
37,eleni.stavrou37@yahoo.com,2024-04-30 16:44:13,Rhodes,25-34
38,giorgos.karagianni38@mail.gr,2023-07-02 20:08:26,Rhodes,55+
39,anna.ioannidis39@outlook.com,2024-02-16 02:17:54,Ioannina,25-34
40,,2023-10-01 18:59:06,Rhodes,55+
41,eleni.papadaki41@outlook.com,2023-08-22 18:44:31,Volos,18-24
42,christos.antoniou42@mail.gr,2023-08-01 06:18:25,Larissa,55+
43,athina.papadopoulou43@outlook.com,2024-02-15 08:56:10,Thessaloniki,25-34
44,nikos.michailidis44@yahoo.com,2024-01-01 20:25:05,Rhodes,25-34
45,sofia.stavrou45@outlook.com,2024-02-02 07:31:34,Larissa,18-24
46,kostas.antoniou46@gmail.com,2023-06-18 02:55:06,Patra,35-44
47,vicky.papadaki47@mail.gr,2024-03-01 01:17:50,Thessaloniki,18-24
48,katerina.papadaki48@outlook.com,2023-06-14 23:48:23,Patra,45-54
49,vasilis.vasileiou49@gmail.com,2024-05-15 03:06:53,Heraklion,25-34
50,christos.papadaki50@mail.gr,2024-05-09 08:43:57,Patra,25-34
51,dimitris.konstantinou51@yahoo.com,2023-06-10 15:01:32,Volos,45-54
52,panagiotis.antoniou52@gmail.com,2023-08-01 19:49:53,Athens,45-54
53,vicky.vasileiou53@yahoo.com,2023-09-27 12:35:06,,25-34
54,anna.nikolaou54@outlook.com,2024-03-27 07:55:36,Chania,45-54
55,petros.vasileiou55@gmail.com,2024-05-30 18:19:28,Larissa,25-34
56,anna.papadopoulou56@mail.gr,2023-07-13 02:23:05,Volos,45-54
57,athina.nikolaou57@yahoo.com,2023-10-28 14:16:53,Ioannina,18-24
58,petros.stavrou58@yahoo.com,2024-03-06 09:34:24,Thessaloniki,35-44
59,nikos.michailidis59@outlook.com,2024-05-15 13:02:40,,45-54
60,vasilis.papadaki60@yahoo.com,2023-07-20 10:24:29,Ioannina,25-34
61,vasilis.konstantinou61@gmail.com,2023-12-30 19:08:41,Heraklion,45-54
62,alexandros.stavrou62@mail.gr,2023-10-04 03:34:49,,25-34
63,dimitris.stavrou63@outlook.com,2023-07-03 22:21:06,,55+
64,panagiotis.stavrou64@yahoo.com,2023-09-29 13:19:08,Patra,
65,thanos.karagianni65@gmail.com,2024-04-26 00:07:45,,55+
66,despina.dimitriou66@yahoo.com,2023-11-03 05:02:04,Athens,18-24
67,panagiotis.georgiou67@mail.gr,2024-04-08 06:50:49,Heraklion,18-24
68,vicky.stavrou68@outlook.com,2023-12-24 06:30:28,Kavala,55+
69,athina.konstantinou69@mail.gr,2024-04-18 13:27:56,Kavala,45-54
70,panagiotis.stavrou70@mail.gr,2023-09-16 16:43:44,Larissa,45-54
71,vasilis.ioannidis71@outlook.com,2023-09-14 12:34:06,Chania,18-24
72,panagiotis.konstantinou72@yahoo.com,2024-02-25 12:04:51,Thessaloniki,45-54
73,petros.dimitriou73@gmail.com,2023-11-09 11:17:48,Ioannina,45-54
74,foteini.michailidis74@mail.gr,2023-06-08 14:03:03,Volos,35-44
75,kostas.papadaki75@yahoo.com,2024-03-17 07:21:03,Larissa,45-54
76,despina.vasileiou76@mail.gr,2024-02-15 18:21:14,Kavala,25-34
77,petros.papadopoulou77@mail.gr,2024-05-18 05:11:22,,18-24
78,kostas.georgiou78@mail.gr,2024-05-02 15:38:24,Larissa,45-54
79,vicky.vasileiou79@mail.gr,2023-10-10 01:43:59,Ioannina,35-44
80,thanos.papadopoulou80@gmail.com,2024-03-17 21:24:43,Volos,25-34
81,giorgos.papadopoulou81@yahoo.com,2023-09-05 00:50:50,Rhodes,25-34
82,thanos.stavrou82@yahoo.com,2023-07-15 10:11:12,Larissa,35-44
83,alexandros.michailidis83@gmail.com,2024-03-05 23:34:28,Patra,35-44
84,maria.antoniou84@mail.gr,2024-01-10 14:48:52,Heraklion,18-24
85,panagiotis.nikolaou85@outlook.com,2024-02-26 18:18:35,Rhodes,18-24
86,foteini.papadopoulou86@mail.gr,2023-10-13 20:10:25,Thessaloniki,55+
87,maria.konstantinou87@mail.gr,2024-04-15 08:40:46,Volos,45-54
88,kostas.georgiou88@outlook.com,2024-03-11 23:28:04,Chania,45-54
89,foteini.antoniou89@yahoo.com,2023-10-04 04:05:47,Thessaloniki,35-44
90,panagiotis.dimitriou90@mail.gr,2024-01-08 07:23:01,Kavala,35-44
91,sofia.vasileiou91@outlook.com,2024-04-05 20:20:11,Rhodes,35-44
92,athina.ioannidis92@yahoo.com,2023-07-04 05:58:14,Kavala,55+
93,thanos.stavrou93@mail.gr,2024-03-03 10:51:07,Athens,18-24
94,despina.michailidis94@outlook.com,2023-09-03 11:46:06,Volos,45-54
95,christos.konstantinou95@outlook.com,2024-03-16 16:37:19,Kavala,35-44
96,anna.dimitriou135@gmail.com,2024-03-07 02:51:26,Chania,25-34
97,thanos.antoniou97@outlook.com,2024-03-08 09:37:18,Heraklion,35-44
98,dimitris.antoniou98@yahoo.com,2023-06-06 11:52:20,Athens,55+
99,katerina.stavrou99@mail.gr,2024-05-03 06:38:42,Athens,55+
100,thanos.dimitriou100@yahoo.com,2023-10-11 07:36:34,Larissa,45-54
101,eleni.konstantinou101@gmail.com,2023-12-08 23:24:36,,18-24
102,foteini.antoniou102@yahoo.com,2023-07-04 01:56:36,Ioannina,55+
103,alexandros.ioannidis103@mail.gr,2024-03-28 05:59:16,Kavala,35-44
104,kostas.antoniou104@gmail.com,2024-01-07 20:00:38,Thessaloniki,25-34
105,anna.stavrou105@yahoo.com,2023-07-02 12:43:19,Chania,18-24
106,kostas.dimitriou106@mail.gr,2024-02-23 17:24:16,Heraklion,35-44
107,vicky.nikolaou107@yahoo.com,2024-02-22 22:53:30,,55+
108,sofia.konstantinou108@yahoo.com,2023-07-15 13:47:33,Larissa,25-34
109,dimitris.antoniou109@outlook.com,2024-01-18 02:12:44,Kavala,35-44
110,anna.papadaki110@mail.gr,2023-12-27 16:59:34,Rhodes,18-24
111,ioanna.karagianni111@gmail.com,2023-09-06 05:35:52,,55+
112,maria.stavrou112@outlook.com,2024-04-15 00:12:03,Patra,45-54
113,vicky.antoniou113@mail.gr,2023-08-10 11:36:05,Kavala,18-24
114,kostas.vasileiou114@gmail.com,2023-10-03 16:28:47,Volos,45-54
115,vasilis.stavrou115@gmail.com,2023-11-03 12:29:07,Volos,35-44
116,despina.papadaki116@gmail.com,2024-04-16 08:52:43,Chania,45-54
117,sofia.papadaki117@mail.gr,2023-10-19 12:01:40,Athens,25-34
118,katerina.antoniou118@mail.gr,2023-11-18 03:32:16,,55+
119,dimitris.antoniou119@gmail.com,2023-12-31 22:11:30,Thessaloniki,25-34
120,nikos.dimitriou120@yahoo.com,2023-07-16 14:51:49,Larissa,55+
121,kostas.dimitriou121@yahoo.com,2023-12-01 09:24:26,Patra,45-54
122,alexandros.papadaki122@yahoo.com,2024-03-16 19:57:02,Larissa,45-54
123,athina.antoniou123@gmail.com,2024-04-14 16:04:31,Larissa,55+
124,thanos.georgiou124@mail.gr,2023-11-21 10:07:24,Chania,55+
125,ioanna.ioannidis125@yahoo.com,2024-02-26 21:09:23,Heraklion,
126,thanos.michailidis126@mail.gr,2024-05-20 17:47:10,,25-34
127,giorgos.georgiou127@outlook.com,2023-12-13 01:41:34,Kavala,18-24
128,vicky.papadopoulou128@yahoo.com,2024-03-07 13:39:52,,25-34
129,anna.vasileiou129@mail.gr,2024-01-29 01:11:55,Volos,55+
130,ioanna.stavrou130@mail.gr,2024-03-06 02:55:54,Athens,55+
131,vasilis.ioannidis131@gmail.com,2024-03-17 00:22:01,Thessaloniki,18-24
132,vasilis.papadopoulou132@outlook.com,2023-06-18 20:40:00,Larissa,35-44
133,katerina.ioannidis133@mail.gr,2023-12-24 06:49:44,Patra,25-34
134,alexandros.konstantinou134@yahoo.com,2024-01-27 16:07:09,Rhodes,25-34
135,anna.dimitriou135@gmail.com,2023-09-08 03:49:02,Kavala,35-44
136,dimitris.nikolaou136@outlook.com,2023-11-19 13:13:11,Larissa,45-54
137,vicky.antoniou137@mail.gr,2023-08-17 08:50:13,Thessaloniki,25-34
138,,2023-09-23 21:43:49,,45-54
139,foteini.stavrou139@gmail.com,2024-03-29 06:23:24,Kavala,35-44
140,panagiotis.karagianni140@outlook.com,2024-04-07 10:32:51,Heraklion,55+
141,katerina.stavrou141@gmail.com,2023-07-08 17:38:00,Kavala,18-24
142,katerina.nikolaou142@outlook.com,2024-05-19 06:20:44,Ioannina,25-34
143,petros.vasileiou143@outlook.com,2023-12-24 03:54:09,Larissa,45-54
144,vasilis.michailidis144@outlook.com,2024-05-04 00:41:15,Kavala,18-24
145,panagiotis.stavrou145@mail.gr,2024-03-08 06:11:20,Chania,35-44
146,despina.papadopoulou146@gmail.com,2023-09-11 16:55:57,,35-44
147,christos.nikolaou147@yahoo.com,2024-02-18 01:55:57,Rhodes,55+
148,alexandros.ioannidis148@gmail.com,2024-02-07 12:33:27,Kavala,35-44
149,nikos.georgiou149@gmail.com,2023-06-18 14:39:46,Kavala,18-24
150,petros.georgiou150@mail.gr,2023-10-29 22:26:30,Chania,45-54
151,katerina.konstantinou151@gmail.com,2024-02-10 08:18:52,Rhodes,45-54
152,anna.papadopoulou152@outlook.com,2024-02-24 01:52:55,Kavala,25-34
153,nikos.stavrou153@outlook.com,2023-10-21 15:48:35,Larissa,25-34
154,vicky.nikolaou154@yahoo.com,2024-02-13 09:27:08,Rhodes,18-24
155,ioanna.ioannidis155@yahoo.com,2023-07-19 21:41:44,Chania,25-34
156,panagiotis.vasileiou156@yahoo.com,2024-03-27 17:38:17,Rhodes,18-24
157,katerina.georgiou157@outlook.com,2023-12-27 19:10:22,Thessaloniki,18-24
158,,2024-01-15 16:30:25,Larissa,18-24
159,kostas.papadaki159@gmail.com,2023-07-15 03:17:17,Volos,55+
160,vicky.papadaki160@gmail.com,2023-08-26 00:59:36,,55+
161,maria.papadopoulou161@mail.gr,2023-12-04 00:26:05,Thessaloniki,45-54
162,vicky.nikolaou162@gmail.com,2024-05-15 05:46:25,Patra,18-24
163,alexandros.stavrou163@outlook.com,2024-01-14 07:59:39,Rhodes,55+
164,athina.karagianni164@gmail.com,2023-11-15 01:44:54,Thessaloniki,55+
165,sofia.konstantinou165@yahoo.com,2023-11-23 08:47:48,Kavala,45-54
166,nikos.vasileiou166@outlook.com,2023-11-13 17:43:43,Volos,25-34
167,thanos.nikolaou167@gmail.com,2023-07-06 10:16:35,Thessaloniki,35-44
168,petros.papadopoulou168@outlook.com,2024-01-14 18:15:02,Ioannina,35-44
169,kostas.michailidis169@outlook.com,2023-06-20 23:30:43,Volos,18-24
170,sofia.georgiou170@mail.gr,2024-02-11 01:13:33,Thessaloniki,35-44
171,christos.nikolaou171@outlook.com,2024-03-23 03:59:58,Ioannina,55+
172,alexandros.karagianni172@gmail.com,2024-02-18 03:14:20,,
173,anna.michailidis173@outlook.com,2024-03-23 02:10:18,Volos,18-24
174,katerina.karagianni174@mail.gr,2024-02-11 06:53:45,,18-24
175,athina.ioannidis175@mail.gr,2023-10-25 02:23:09,Patra,35-44
176,ioanna.karagianni176@gmail.com,2024-01-18 13:12:30,Patra,25-34
177,giorgos.stavrou177@outlook.com,2023-07-02 16:23:41,Ioannina,45-54
178,kostas.antoniou178@gmail.com,2023-08-23 17:14:54,Thessaloniki,35-44
179,foteini.dimitriou179@outlook.com,2023-12-22 15:22:54,Ioannina,55+
180,sofia.antoniou180@yahoo.com,2023-08-22 00:50:36,Larissa,35-44
181,thanos.michailidis181@yahoo.com,2023-11-15 05:59:44,Chania,25-34
182,christos.nikolaou182@gmail.com,2023-11-02 04:58:17,Kavala,18-24
183,foteini.konstantinou183@mail.gr,2024-01-09 16:28:20,Ioannina,35-44
184,maria.vasileiou184@mail.gr,2023-08-06 17:58:26,Volos,18-24
185,nikos.ioannidis185@mail.gr,2023-11-17 04:47:58,Ioannina,35-44
186,panagiotis.vasileiou186@yahoo.com,2024-03-29 13:54:17,,18-24
187,sofia.vasileiou187@yahoo.com,2023-10-15 08:29:12,Patra,35-44
188,alexandros.georgiou188@gmail.com,2024-03-22 05:43:12,,45-54
189,foteini.karagianni189@outlook.com,2023-11-22 08:06:00,,35-44
190,eleni.dimitriou190@outlook.com,2023-11-19 17:40:40,Rhodes,18-24
191,eleni.antoniou191@mail.gr,2023-11-27 07:45:06,Volos,35-44
192,eleni.karagianni192@mail.gr,2024-01-17 17:13:30,Chania,18-24
193,foteini.stavrou193@outlook.com,2023-08-13 02:31:08,Chania,25-34
194,vicky.nikolaou194@outlook.com,2024-04-10 22:45:30,Thessaloniki,55+
195,giorgos.ioannidis195@mail.gr,2024-03-01 19:30:44,Chania,55+
196,christos.vasileiou196@outlook.com,2024-05-22 11:47:27,Volos,55+
197,ioanna.nikolaou197@gmail.com,2023-10-07 00:56:26,Ioannina,35-44
198,alexandros.georgiou198@gmail.com,2023-10-08 11:09:33,Patra,35-44
199,despina.georgiou199@gmail.com,2024-01-18 02:11:10,Ioannina,35-44
200,athina.nikolaou200@mail.gr,2024-02-06 21:23:15,Athens,35-44
201,sofia.vasileiou201@mail.gr,2024-03-24 13:05:36,Patra,25-34
202,nikos.papadaki202@gmail.com,2024-03-26 09:04:23,Rhodes,25-34
203,katerina.georgiou203@yahoo.com,2023-08-10 05:36:23,Athens,45-54
204,panagiotis.dimitriou204@outlook.com,2024-01-24 03:09:42,Kavala,25-34
205,vasilis.dimitriou205@yahoo.com,2024-05-17 01:39:05,Rhodes,45-54
206,vasilis.konstantinou206@mail.gr,2023-12-13 07:25:48,Heraklion,55+
207,anna.papadopoulou207@mail.gr,2024-02-05 00:13:18,Chania,18-24
208,athina.nikolaou208@gmail.com,2023-09-19 16:58:47,Larissa,45-54
209,katerina.konstantinou209@yahoo.com,2023-07-06 14:49:56,Volos,18-24
210,despina.papadaki210@yahoo.com,2023-10-24 05:34:25,Thessaloniki,35-44
211,ioanna.nikolaou211@outlook.com,2024-04-21 21:41:23,Patra,18-24
212,thanos.michailidis212@yahoo.com,2024-04-18 18:30:40,Kavala,45-54
213,eleni.papadopoulou213@yahoo.com,2023-09-08 09:23:02,Chania,55+
214,nikos.antoniou214@outlook.com,2023-09-01 06:58:02,Heraklion,45-54
215,alexandros.dimitriou215@gmail.com,2023-06-25 09:24:18,Kavala,55+
216,athina.karagianni216@yahoo.com,2023-09-02 23:01:36,Athens,55+
217,foteini.konstantinou217@gmail.com,2023-08-12 17:53:31,Volos,18-24
218,petros.papadaki218@gmail.com,2024-04-01 09:53:39,Kavala,18-24
219,christos.antoniou219@gmail.com,2024-03-17 05:29:43,Thessaloniki,35-44
220,nikos.karagianni220@outlook.com,2024-03-12 12:26:21,Volos,55+
221,dimitris.stavrou221@mail.gr,2023-11-28 10:35:57,Patra,18-24
222,vicky.papadopoulou222@yahoo.com,2023-09-22 23:04:58,Heraklion,18-24
223,vasilis.papadaki223@mail.gr,2023-11-02 15:43:01,,25-34
224,giorgos.stavrou224@outlook.com,2023-10-07 21:45:44,Volos,45-54
225,vicky.konstantinou225@yahoo.com,2023-10-10 16:03:01,Kavala,35-44
226,athina.antoniou226@gmail.com,2024-04-07 03:14:29,Thessaloniki,45-54
227,dimitris.papadaki227@outlook.com,2023-09-23 02:06:05,Volos,35-44
228,alexandros.michailidis228@yahoo.com,2023-11-13 11:41:22,Volos,
229,christos.karagianni229@outlook.com,2023-11-16 21:56:21,Athens,18-24
230,despina.vasileiou230@yahoo.com,2023-12-17 06:18:29,Patra,55+
231,vicky.papadopoulou231@gmail.com,2023-07-20 00:32:56,,35-44
232,foteini.papadopoulou232@yahoo.com,2024-01-21 23:53:33,Volos,35-44
233,eleni.karagianni233@outlook.com,2023-07-24 11:24:41,,35-44
234,nikos.papadopoulou234@yahoo.com,2024-03-12 16:59:12,Ioannina,55+
235,anna.michailidis235@yahoo.com,2023-11-21 07:34:00,Larissa,45-54
236,katerina.nikolaou236@yahoo.com,2023-11-23 13:20:35,Kavala,18-24
237,ioanna.stavrou237@gmail.com,2023-10-13 22:14:18,Larissa,35-44
238,dimitris.vasileiou238@yahoo.com,2023-12-15 13:56:50,Heraklion,25-34
239,thanos.papadopoulou239@outlook.com,2023-10-19 03:47:57,Chania,25-34
240,eleni.nikolaou240@mail.gr,2023-09-29 02:47:54,Kavala,55+
241,kostas.karagianni241@yahoo.com,2023-06-29 15:24:23,,18-24
242,athina.vasileiou242@yahoo.com,2023-07-20 20:09:54,Patra,45-54
243,giorgos.nikolaou243@yahoo.com,2023-12-19 05:03:42,Patra,35-44
244,panagiotis.vasileiou244@outlook.com,2023-12-19 12:28:40,Larissa,25-34
245,petros.antoniou245@outlook.com,2023-07-19 14:40:18,Thessaloniki,55+
246,foteini.karagianni246@yahoo.com,2023-07-30 21:11:41,Rhodes,35-44
247,foteini.papadopoulou247@gmail.com,2024-04-16 11:45:34,,55+
248,sofia.karagianni248@gmail.com,2023-11-09 18:52:12,,55+
249,vasilis.dimitriou249@mail.gr,2023-09-04 02:25:39,Thessaloniki,18-24
250,kostas.dimitriou250@yahoo.com,2023-11-28 08:54:52,Patra,35-44
251,ioanna.michailidis251@outlook.com,2024-04-30 07:01:35,Patra,35-44
252,nikos.vasileiou252@mail.gr,2023-09-02 21:09:36,Kavala,25-34
253,giorgos.antoniou253@mail.gr,2023-10-28 04:32:09,Patra,35-44
254,ioanna.ioannidis254@yahoo.com,2024-03-23 08:48:24,Chania,45-54
255,vasilis.dimitriou255@gmail.com,2023-06-10 00:01:07,Chania,45-54
256,sofia.karagianni256@gmail.com,2023-10-16 01:13:14,Kavala,55+
257,thanos.antoniou257@gmail.com,2023-12-26 10:19:13,Ioannina,25-34
258,christos.konstantinou258@gmail.com,2023-10-21 02:47:00,Rhodes,55+
259,petros.antoniou259@mail.gr,2023-06-29 13:21:56,Chania,35-44
260,alexandros.stavrou260@gmail.com,2024-01-24 07:20:05,Thessaloniki,45-54
261,ioanna.papadaki261@outlook.com,2024-05-30 15:38:05,Heraklion,55+
262,athina.papadopoulou262@gmail.com,2023-06-18 14:15:28,Volos,45-54
263,katerina.karagianni263@yahoo.com,2024-05-12 20:35:26,Rhodes,35-44
264,alexandros.michailidis264@outlook.com,2024-04-23 05:37:09,Chania,55+
265,foteini.antoniou265@gmail.com,2023-12-02 10:19:11,,18-24
266,foteini.antoniou266@gmail.com,2024-04-05 10:17:35,Larissa,55+
267,giorgos.karagianni267@yahoo.com,2023-12-04 14:06:26,Rhodes,45-54
268,panagiotis.papadopoulou268@gmail.com,2024-01-09 08:44:30,Kavala,35-44
269,kostas.michailidis269@mail.gr,2023-08-19 04:24:29,Rhodes,45-54
270,giorgos.michailidis270@yahoo.com,2023-07-24 15:01:19,,45-54
271,ioanna.georgiou271@outlook.com,2023-11-26 12:22:28,,35-44
272,sofia.ioannidis272@outlook.com,2023-09-17 08:31:41,Larissa,35-44
273,thanos.vasileiou273@outlook.com,2023-12-04 08:05:31,Larissa,35-44
274,petros.konstantinou274@mail.gr,2024-05-13 21:05:33,Patra,
275,eleni.vasileiou275@mail.gr,2024-05-24 20:23:38,Kavala,25-34
276,petros.antoniou276@outlook.com,2024-05-28 08:24:48,Rhodes,55+
277,giorgos.stavrou277@yahoo.com,2024-05-17 12:55:41,Athens,18-24
278,,2024-02-20 13:10:10,Chania,25-34
279,thanos.dimitriou279@yahoo.com,2024-02-08 15:27:36,Larissa,35-44
280,giorgos.nikolaou280@yahoo.com,2024-02-09 07:51:53,Athens,25-34
281,dimitris.papadopoulou281@mail.gr,2024-04-20 17:58:43,Patra,35-44
282,maria.antoniou282@gmail.com,2024-01-07 13:47:17,Volos,35-44
283,petros.papadaki283@yahoo.com,2023-12-09 19:35:50,Kavala,35-44
284,nikos.vasileiou284@mail.gr,2023-08-03 02:33:22,Patra,18-24
285,vasilis.karagianni285@yahoo.com,2024-02-17 21:52:27,,45-54
286,athina.vasileiou286@mail.gr,2023-07-04 16:27:16,Patra,25-34
287,panagiotis.papadopoulou287@mail.gr,2023-09-10 06:41:41,Larissa,35-44
288,foteini.papadopoulou288@outlook.com,2023-09-10 13:51:07,Athens,18-24
289,dimitris.konstantinou289@outlook.com,2024-02-22 10:40:10,,35-44
290,panagiotis.ioannidis290@mail.gr,2023-07-22 20:57:04,Rhodes,35-44
291,foteini.karagianni246@yahoo.com,2024-03-21 03:01:06,,55+
292,eleni.papadaki292@outlook.com,2023-11-21 11:59:34,Rhodes,18-24
293,petros.papadaki293@yahoo.com,2023-08-18 12:14:15,Chania,45-54
294,sofia.michailidis294@mail.gr,2024-01-13 11:19:49,Chania,45-54
295,vicky.georgiou295@mail.gr,2023-12-17 07:48:59,Athens,55+
296,vasilis.michailidis296@mail.gr,2023-06-09 10:54:55,Athens,25-34
297,giorgos.konstantinou297@gmail.com,2023-10-12 19:14:30,Athens,18-24
298,thanos.papadopoulou298@mail.gr,2023-09-20 11:52:45,Patra,45-54
299,despina.dimitriou299@mail.gr,2024-05-03 17:26:54,,55+
300,christos.nikolaou300@mail.gr,2023-08-09 07:29:41,Heraklion,18-24
301,vasilis.dimitriou301@mail.gr,2024-02-17 13:28:25,Heraklion,25-34
302,katerina.antoniou302@gmail.com,2023-08-13 04:45:54,,45-54
303,maria.ioannidis303@gmail.com,2023-08-20 00:49:11,Athens,45-54
304,giorgos.ioannidis304@gmail.com,2024-03-14 14:20:35,Heraklion,55+
305,giorgos.georgiou305@outlook.com,2023-12-13 16:38:58,Rhodes,35-44
306,ioanna.ioannidis306@yahoo.com,2023-09-26 04:38:54,Chania,25-34
307,anna.papadopoulou307@yahoo.com,2024-01-03 04:59:20,Ioannina,55+
308,christos.stavrou308@mail.gr,2024-02-16 17:21:57,Volos,45-54
309,vasilis.konstantinou309@mail.gr,2023-08-11 09:52:34,Heraklion,35-44
310,katerina.dimitriou310@gmail.com,2024-05-21 06:00:20,Ioannina,55+
311,despina.ioannidis311@yahoo.com,2023-09-08 00:43:54,Thessaloniki,45-54
312,eleni.papadaki312@yahoo.com,2024-03-08 09:37:08,Ioannina,55+
313,eleni.ioannidis313@yahoo.com,2024-04-08 11:53:14,Volos,35-44
314,maria.ioannidis314@yahoo.com,2024-05-29 22:57:43,Thessaloniki,45-54
315,alexandros.michailidis315@mail.gr,2023-08-19 10:12:02,Chania,35-44
316,despina.dimitriou316@outlook.com,2023-12-25 05:58:46,Volos,55+
317,vicky.nikolaou317@mail.gr,2024-04-07 18:47:35,Volos,25-34
318,kostas.papadopoulou318@yahoo.com,2024-01-05 11:06:37,Athens,35-44
319,foteini.karagianni319@mail.gr,2024-03-06 14:59:51,Heraklion,35-44
320,foteini.ioannidis320@outlook.com,2023-12-11 21:49:37,Kavala,45-54
321,christos.georgiou321@mail.gr,2023-07-25 08:30:28,Chania,18-24
322,eleni.stavrou322@gmail.com,2023-06-19 20:11:12,,25-34
323,katerina.papadopoulou323@mail.gr,2023-08-24 22:36:54,Rhodes,55+
324,,2023-06-03 13:37:53,Chania,35-44
325,vasilis.papadopoulou325@mail.gr,2023-12-13 00:59:33,Patra,18-24
326,athina.georgiou326@yahoo.com,2023-09-02 13:59:32,Larissa,35-44
327,despina.nikolaou327@mail.gr,2023-10-23 21:05:33,Heraklion,25-34
328,eleni.stavrou328@gmail.com,2024-04-29 07:10:56,Ioannina,45-54
329,giorgos.stavrou329@yahoo.com,2023-06-04 16:04:55,Ioannina,35-44
330,nikos.papadaki330@gmail.com,2024-05-22 23:07:10,Rhodes,45-54
331,eleni.stavrou331@outlook.com,2024-05-25 11:04:32,Rhodes,18-24
332,ioanna.papadopoulou332@yahoo.com,2023-08-20 10:51:12,Ioannina,18-24
333,foteini.ioannidis333@mail.gr,2024-01-07 01:59:19,Chania,35-44
334,katerina.michailidis334@gmail.com,2024-03-08 05:41:37,Volos,18-24
335,panagiotis.nikolaou335@mail.gr,2023-10-11 06:33:16,Volos,18-24
336,vicky.dimitriou336@outlook.com,2023-08-28 14:24:14,Ioannina,45-54
337,foteini.stavrou337@gmail.com,2023-10-26 14:32:04,Larissa,25-34
338,eleni.antoniou338@mail.gr,2023-07-30 21:26:36,,25-34
339,,2023-07-12 09:07:35,Larissa,45-54
340,anna.nikolaou340@gmail.com,2023-07-22 11:03:17,Kavala,55+
341,kostas.nikolaou341@gmail.com,2023-06-11 04:46:43,Thessaloniki,55+
342,ioanna.konstantinou342@outlook.com,2023-06-05 19:01:22,Thessaloniki,55+
343,panagiotis.karagianni343@yahoo.com,2023-12-20 09:02:46,Patra,25-34
344,anna.dimitriou344@gmail.com,2023-07-27 16:12:40,Larissa,45-54
345,eleni.vasileiou345@yahoo.com,2023-09-06 18:00:41,Kavala,55+
346,,2023-07-23 14:51:14,Ioannina,35-44
347,despina.vasileiou347@outlook.com,2023-11-18 23:10:30,,55+
348,ioanna.karagianni348@yahoo.com,2024-02-26 00:35:38,Patra,45-54
349,vasilis.michailidis349@mail.gr,2024-02-25 21:28:33,Heraklion,35-44
350,despina.vasileiou350@yahoo.com,2023-07-15 05:30:41,Chania,25-34
351,petros.papadopoulou351@mail.gr,2024-03-09 10:07:11,Heraklion,45-54
352,eleni.konstantinou352@mail.gr,2024-02-17 08:36:22,Larissa,25-34
353,katerina.michailidis353@mail.gr,2023-11-12 07:50:18,Rhodes,45-54
354,petros.papadaki354@mail.gr,2024-05-24 15:36:15,Volos,55+
355,eleni.nikolaou355@yahoo.com,2024-03-25 15:10:16,Volos,25-34
356,giorgos.karagianni356@mail.gr,2024-02-06 12:07:35,Volos,45-54
357,nikos.antoniou357@yahoo.com,2023-08-26 05:12:00,Ioannina,45-54
358,foteini.michailidis358@yahoo.com,2023-12-12 08:40:45,Athens,45-54
359,kostas.nikolaou359@yahoo.com,2023-07-16 01:50:40,Volos,45-54
360,athina.dimitriou360@mail.gr,2023-10-14 06:23:38,Kavala,35-44
361,giorgos.michailidis361@gmail.com,2023-07-15 16:40:20,,18-24
362,dimitris.michailidis362@yahoo.com,2023-09-03 17:26:00,Volos,55+
363,vicky.ioannidis363@mail.gr,2024-04-05 19:37:22,Patra,45-54
364,alexandros.ioannidis364@mail.gr,2023-11-22 14:20:34,Heraklion,25-34
365,eleni.karagianni365@yahoo.com,2023-07-10 12:23:52,Heraklion,45-54
366,thanos.papadaki366@outlook.com,2024-02-04 04:55:25,Rhodes,45-54
367,christos.vasileiou367@mail.gr,2024-04-24 08:47:49,,35-44
368,foteini.nikolaou368@yahoo.com,2024-02-17 00:31:12,Heraklion,35-44
369,christos.michailidis369@mail.gr,2023-07-25 21:33:25,Patra,55+
370,dimitris.dimitriou370@yahoo.com,2024-02-02 19:18:16,Kavala,35-44
371,ioanna.dimitriou371@gmail.com,2024-01-27 13:19:10,Athens,45-54
372,despina.papadaki372@mail.gr,2023-12-14 07:01:25,Kavala,45-54
373,vicky.dimitriou373@gmail.com,2023-08-04 22:54:55,Heraklion,
374,panagiotis.papadaki374@yahoo.com,2023-09-21 02:36:08,Rhodes,45-54
375,nikos.karagianni375@outlook.com,2023-07-15 08:28:59,Volos,55+
376,giorgos.michailidis376@yahoo.com,2023-11-19 09:50:04,Thessaloniki,25-34
377,giorgos.dimitriou377@outlook.com,2023-09-11 01:36:55,Thessaloniki,45-54
378,nikos.ioannidis378@outlook.com,2023-08-21 12:12:22,Rhodes,45-54
379,katerina.ioannidis379@yahoo.com,2024-04-11 22:38:52,Rhodes,35-44
380,alexandros.papadaki380@outlook.com,2023-08-05 09:23:26,Larissa,35-44
381,athina.stavrou381@gmail.com,2024-04-12 14:02:12,Ioannina,18-24
382,katerina.michailidis382@yahoo.com,2024-05-02 08:26:22,Volos,25-34
383,despina.dimitriou383@outlook.com,2023-07-26 05:08:08,Ioannina,45-54
384,eleni.konstantinou384@outlook.com,2023-12-18 05:51:57,Volos,45-54
385,ioanna.karagianni385@gmail.com,2023-06-01 23:03:02,Kavala,35-44
386,petros.konstantinou386@mail.gr,2023-08-24 14:19:19,Kavala,35-44
387,vasilis.vasileiou387@yahoo.com,2023-12-30 13:18:14,Kavala,35-44
388,,2023-07-09 16:06:13,Patra,45-54
389,kostas.ioannidis389@yahoo.com,2024-02-23 10:08:29,Larissa,25-34
390,anna.nikolaou390@outlook.com,2024-02-10 05:12:07,Volos,25-34
391,vasilis.michailidis391@yahoo.com,2024-02-27 15:15:57,Thessaloniki,
392,thanos.nikolaou392@yahoo.com,2023-07-22 12:51:06,Kavala,
393,ioanna.nikolaou393@mail.gr,2024-04-30 02:57:09,Kavala,18-24
394,eleni.michailidis394@gmail.com,2024-04-09 00:03:43,Volos,35-44
395,katerina.stavrou395@yahoo.com,2024-02-18 23:22:30,Rhodes,18-24
396,dimitris.dimitriou396@yahoo.com,2023-10-15 09:18:24,Patra,45-54
397,vicky.stavrou68@outlook.com,2023-07-04 15:59:27,Thessaloniki,55+
398,christos.konstantinou398@yahoo.com,2023-10-01 03:23:11,,18-24
399,alexandros.karagianni399@outlook.com,2024-03-07 01:52:53,Athens,35-44
400,alexandros.papadaki400@mail.gr,2023-08-13 06:18:46,Athens,25-34
401,nikos.ioannidis401@gmail.com,2023-12-12 00:26:48,Athens,35-44
402,katerina.konstantinou402@mail.gr,2024-04-30 07:22:04,,25-34
403,,2024-01-15 02:37:28,Heraklion,18-24
404,despina.papadaki404@mail.gr,2023-09-20 06:15:35,Ioannina,18-24
405,petros.karagianni405@outlook.com,2023-07-30 07:05:05,Thessaloniki,55+
406,katerina.papadaki406@mail.gr,2023-10-05 21:32:00,,18-24
407,kostas.michailidis407@yahoo.com,2024-04-24 17:39:16,Thessaloniki,45-54
408,alexandros.karagianni408@outlook.com,2023-06-22 08:54:14,,25-34
409,katerina.michailidis409@yahoo.com,2023-06-05 09:47:43,Volos,55+
410,anna.georgiou410@yahoo.com,2023-10-23 10:04:27,Larissa,18-24
411,maria.vasileiou411@mail.gr,2024-04-09 10:47:25,Thessaloniki,35-44
412,foteini.stavrou412@mail.gr,2023-06-30 22:20:41,Volos,18-24
413,foteini.georgiou413@yahoo.com,2023-10-21 19:05:54,Thessaloniki,55+
414,nikos.ioannidis414@gmail.com,2024-03-14 16:34:10,Athens,
415,christos.konstantinou415@yahoo.com,2024-05-23 09:07:59,Athens,55+
416,kostas.ioannidis416@yahoo.com,2023-10-03 23:24:43,Volos,35-44
417,foteini.vasileiou417@gmail.com,2023-07-17 08:53:50,Chania,18-24
418,eleni.dimitriou418@outlook.com,2024-05-02 08:00:19,Larissa,35-44
419,vicky.papadopoulou419@yahoo.com,2023-10-22 06:34:39,Larissa,55+
420,panagiotis.antoniou52@gmail.com,2023-12-09 14:27:17,Chania,25-34
421,kostas.papadopoulou421@outlook.com,2023-08-30 11:41:46,Athens,
422,despina.michailidis422@outlook.com,2024-03-09 10:08:07,Chania,25-34
423,giorgos.georgiou423@outlook.com,2024-03-03 09:04:54,Heraklion,55+
424,christos.dimitriou424@gmail.com,2024-03-17 10:55:39,Chania,25-34
425,despina.nikolaou425@gmail.com,2024-01-16 20:52:06,Patra,25-34
426,ioanna.konstantinou426@outlook.com,2024-02-28 03:14:09,Larissa,25-34
427,sofia.georgiou427@gmail.com,2024-03-29 21:32:22,Patra,45-54
428,kostas.nikolaou428@outlook.com,2023-12-26 03:10:43,Heraklion,45-54
429,anna.nikolaou429@yahoo.com,2023-07-06 02:47:01,Larissa,
430,ioanna.georgiou430@yahoo.com,2023-07-06 10:09:57,Ioannina,
431,vasilis.antoniou431@yahoo.com,2024-04-14 11:47:21,Ioannina,45-54
432,petros.ioannidis432@mail.gr,2023-07-07 18:54:12,Patra,
433,panagiotis.georgiou433@mail.gr,2023-08-16 22:44:01,,18-24
434,anna.nikolaou434@gmail.com,2023-06-09 11:11:32,,45-54
435,eleni.vasileiou435@gmail.com,2023-07-18 14:02:26,Athens,25-34
436,,2023-11-01 09:39:16,,45-54
437,sofia.georgiou437@outlook.com,2023-09-15 19:00:57,Patra,18-24
438,alexandros.ioannidis438@outlook.com,2024-02-07 09:04:19,Chania,45-54
439,anna.konstantinou439@mail.gr,2023-07-24 07:07:56,Chania,25-34
440,petros.papadopoulou440@outlook.com,2023-10-27 13:08:25,Kavala,35-44
441,athina.vasileiou441@outlook.com,2023-10-29 19:58:33,Volos,55+
442,anna.papadopoulou442@mail.gr,2024-04-10 01:12:01,Rhodes,25-34
443,nikos.ioannidis443@yahoo.com,2024-02-11 02:25:12,Athens,25-34
444,despina.vasileiou444@yahoo.com,2024-05-29 04:45:07,Rhodes,35-44
445,christos.karagianni445@outlook.com,2023-06-11 22:54:15,Rhodes,25-34
446,sofia.dimitriou446@outlook.com,2023-12-28 12:58:03,Athens,18-24
447,,2023-06-08 17:44:32,Rhodes,25-34
448,ioanna.michailidis448@outlook.com,2023-08-08 22:02:45,Patra,55+
449,katerina.nikolaou449@outlook.com,2024-04-24 17:46:25,Volos,45-54
450,ioanna.antoniou450@yahoo.com,2023-10-04 06:52:47,Ioannina,45-54
451,dimitris.michailidis451@outlook.com,2024-01-05 06:00:29,Rhodes,25-34
452,vasilis.georgiou452@gmail.com,2023-08-09 00:21:40,Rhodes,45-54
453,foteini.papadopoulou453@outlook.com,2023-08-10 17:07:29,Rhodes,25-34
454,nikos.dimitriou454@outlook.com,2023-07-25 14:53:28,Heraklion,35-44
455,dimitris.stavrou455@gmail.com,2024-05-09 19:46:58,,35-44
456,anna.ioannidis456@gmail.com,2023-09-05 21:53:21,Thessaloniki,
457,vicky.michailidis457@yahoo.com,2023-11-10 23:27:05,Kavala,45-54
458,despina.nikolaou458@mail.gr,2024-04-17 21:02:27,Rhodes,25-34
459,eleni.papadopoulou459@gmail.com,2023-09-23 12:44:51,Thessaloniki,18-24
460,despina.georgiou460@gmail.com,2024-03-11 06:35:43,Thessaloniki,35-44
461,alexandros.dimitriou461@gmail.com,2024-02-29 14:27:33,,25-34
462,kostas.georgiou462@gmail.com,2023-06-21 19:10:32,Heraklion,45-54
463,petros.antoniou463@outlook.com,2024-02-12 13:13:07,Thessaloniki,18-24
464,petros.dimitriou464@gmail.com,2023-07-30 15:33:43,Ioannina,18-24
465,,2023-08-17 13:06:14,Patra,35-44
466,thanos.nikolaou466@mail.gr,2023-09-28 18:03:43,,35-44
467,petros.konstantinou467@outlook.com,2023-08-11 19:13:04,Volos,25-34
468,anna.dimitriou468@outlook.com,2023-11-28 14:39:15,Larissa,55+
469,nikos.nikolaou469@outlook.com,2024-02-15 11:31:37,Ioannina,55+
470,giorgos.konstantinou470@mail.gr,2024-04-13 20:05:22,,45-54
471,panagiotis.dimitriou471@gmail.com,2023-09-25 01:30:12,Athens,55+
472,athina.karagianni472@yahoo.com,2024-02-19 03:04:58,Kavala,25-34
473,dimitris.ioannidis473@yahoo.com,2024-04-09 23:24:00,Ioannina,18-24
474,kostas.ioannidis389@yahoo.com,2024-04-15 10:51:08,Larissa,35-44
475,eleni.nikolaou475@mail.gr,2023-10-29 17:20:46,Larissa,55+
476,maria.michailidis476@mail.gr,2024-01-28 23:19:14,Patra,25-34
477,foteini.nikolaou477@gmail.com,2024-05-25 04:57:19,Thessaloniki,35-44
478,christos.konstantinou478@mail.gr,2023-09-11 13:55:54,Rhodes,55+
479,dimitris.antoniou479@yahoo.com,2023-11-04 11:59:22,,
480,ioanna.michailidis480@gmail.com,2023-09-01 06:23:58,Larissa,
481,vasilis.antoniou481@mail.gr,2023-09-17 21:01:12,,18-24
482,panagiotis.georgiou482@mail.gr,2023-09-25 16:40:50,Volos,35-44
483,alexandros.stavrou483@yahoo.com,2023-07-05 16:12:49,Ioannina,45-54
484,christos.papadopoulou484@yahoo.com,2023-12-18 02:39:42,Chania,45-54
485,athina.karagianni485@yahoo.com,2023-06-12 05:48:59,Heraklion,18-24
486,vicky.papadopoulou486@outlook.com,2024-05-22 12:40:11,Larissa,35-44
487,athina.konstantinou487@gmail.com,2024-02-02 18:26:55,Heraklion,35-44
488,vicky.georgiou488@mail.gr,2024-05-04 01:28:07,Volos,35-44
489,anna.michailidis489@gmail.com,2024-04-18 16:16:17,Ioannina,18-24
490,foteini.ioannidis490@yahoo.com,2024-04-28 20:51:19,,25-34
491,alexandros.papadaki380@outlook.com,2023-06-08 18:54:05,Patra,25-34
492,maria.ioannidis492@outlook.com,2023-09-07 00:26:57,,35-44
493,despina.vasileiou493@outlook.com,2023-11-26 06:10:17,Larissa,55+
494,despina.karagianni494@gmail.com,2023-07-10 17:37:04,,35-44
495,alexandros.karagianni495@outlook.com,2023-09-18 18:44:22,Kavala,18-24
496,anna.stavrou496@outlook.com,2023-10-05 06:29:49,,35-44
497,athina.ioannidis497@gmail.com,2024-05-15 09:41:27,Rhodes,45-54
498,katerina.michailidis498@mail.gr,2023-06-10 21:15:37,Larissa,45-54
499,giorgos.karagianni499@yahoo.com,2024-03-01 23:40:51,Heraklion,55+
500,thanos.stavrou500@outlook.com,2023-10-18 05:26:07,,55+
