date,channel,campaign_id,spend,impressions,clicks
2023-06-01,google,GOOGLE_SUMMER24,40.32,2653,83
2023-06-01,facebook,FACEBOOK_SUMMER24,27.55,1367,71
2023-06-01,instagram,INSTAGRAM_SUMMER24,340.78,7630,483
2023-06-01,email,EMAIL_SUMMER24,13.96,1649,39
2023-06-02,google,GOOGLE_SUMMER24,268.44,13304,296
2023-06-02,facebook,FACEBOOK_SUMMER24,542.86,16380,1062
2023-06-02,instagram,INSTAGRAM_SUMMER24,168.48,7486,551
2023-06-02,email,EMAIL_SUMMER24,163.27,7933,
2023-06-03,google,GOOGLE_SUMMER24,757.52,12414,865
2023-06-03,facebook,FACEBOOK_SUMMER24,121.05,12101,312
2023-06-03,instagram,INSTAGRAM_SUMMER24,661.66,15885,600
2023-06-03,email,EMAIL_SUMMER24,679.23,13249,695
2023-06-04,google,GOOGLE_SUMMER24,65.43,7050,258
2023-06-04,facebook,FACEBOOK_SUMMER24,552.58,18641,476
2023-06-04,instagram,INSTAGRAM_SUMMER24,177.59,3437,266
2023-06-04,email,EMAIL_SUMMER24,181.11,9089,430
2023-06-05,google,GOOGLE_SUMMER24,64.43,9106,174
2023-06-05,facebook,FACEBOOK_SUMMER24,34.82,,109
2023-06-05,instagram,INSTAGRAM_SUMMER24,86.96,10069,279
2023-06-05,email,EMAIL_SUMMER24,283.32,5555,334
2023-06-06,google,GOOGLE_SUMMER24,252.74,12091,463
2023-06-06,facebook,FACEBOOK_SUMMER24,53.87,7416,267
2023-06-06,instagram,INSTAGRAM_SUMMER24,464.24,16188,1141
2023-06-06,email,EMAIL_SUMMER24,520.43,13502,781
2023-06-07,google,GOOGLE_SUMMER24,207.05,10830,281
2023-06-07,facebook,FACEBOOK_SUMMER24,48.89,5365,58
2023-06-07,instagram,INSTAGRAM_SUMMER24,48.73,2378,108
2023-06-07,email,EMAIL_SUMMER24,221.06,12472,461
2023-06-08,google,GOOGLE_SUMMER24,430.32,8738,435
2023-06-08,facebook,FACEBOOK_SUMMER24,490.97,14528,1139
2023-06-08,instagram,INSTAGRAM_SUMMER24,75.82,11311,452
2023-06-08,email,EMAIL_SUMMER24,1210.43,19912,1571
2023-06-09,google,GOOGLE_SUMMER24,16.11,2472,107
2023-06-09,facebook,FACEBOOK_SUMMER24,72.35,5687,322
2023-06-09,instagram,INSTAGRAM_SUMMER24,15.89,3442,70
2023-06-09,email,EMAIL_SUMMER24,432.76,13722,581
2023-06-10,google,GOOGLE_SUMMER24,129.94,16050,402
2023-06-10,facebook,FACEBOOK_SUMMER24,105.16,6574,126
2023-06-10,instagram,INSTAGRAM_SUMMER24,1068.68,19399,1502
2023-06-10,email,EMAIL_SUMMER24,481.53,7315,554
2023-06-11,google,GOOGLE_SUMMER24,180.96,4277,223
2023-06-11,facebook,FACEBOOK_SUMMER24,961.27,17293,986
2023-06-11,instagram,INSTAGRAM_SUMMER24,32.15,1996,42
2023-06-11,email,EMAIL_SUMMER24,167.15,12890,374
2023-06-12,google,GOOGLE_SUMMER24,6.5,725,43
2023-06-12,facebook,FACEBOOK_SUMMER24,485.78,10631,511
2023-06-12,instagram,INSTAGRAM_SUMMER24,1227.96,15250,1138
2023-06-12,email,EMAIL_SUMMER24,562.94,11888,473
2023-06-13,google,GOOGLE_SUMMER24,260.78,8504,295
2023-06-13,facebook,FACEBOOK_SUMMER24,372.33,9425,467
2023-06-13,instagram,INSTAGRAM_SUMMER24,310.7,19028,1056
2023-06-13,email,EMAIL_SUMMER24,590.04,12655,652
2023-06-14,google,GOOGLE_SUMMER24,209.39,5778,244
2023-06-14,facebook,FACEBOOK_SUMMER24,634.94,10789,571
2023-06-14,instagram,INSTAGRAM_SUMMER24,312.77,11490,606
2023-06-14,email,EMAIL_SUMMER24,758.56,11326,710
2023-06-15,google,GOOGLE_SUMMER24,569.15,8934,580
2023-06-15,facebook,FACEBOOK_SUMMER24,423.07,19803,537
2023-06-15,instagram,INSTAGRAM_SUMMER24,313.29,19450,808
2023-06-15,email,EMAIL_SUMMER24,1151.01,17730,1119
2023-06-16,google,GOOGLE_SUMMER24,388.38,19941,657
2023-06-16,facebook,FACEBOOK_SUMMER24,780.82,19361,1100
2023-06-16,instagram,INSTAGRAM_SUMMER24,49.86,9334,158
2023-06-16,email,EMAIL_SUMMER24,251.36,15099,287
2023-06-17,google,GOOGLE_SUMMER24,363.38,11209,348
2023-06-17,facebook,FACEBOOK_SUMMER24,325.71,14026,504
2023-06-17,instagram,INSTAGRAM_SUMMER24,42.48,8509,91
2023-06-17,email,EMAIL_SUMMER24,41.95,2600,53
2023-06-18,google,GOOGLE_SUMMER24,205.16,12157,212
2023-06-18,facebook,FACEBOOK_SUMMER24,665.71,13393,944
2023-06-18,instagram,INSTAGRAM_SUMMER24,905.44,15945,1235
2023-06-18,email,EMAIL_SUMMER24,246.85,7656,582
2023-06-19,google,GOOGLE_SUMMER24,161.73,11223,423
2023-06-19,facebook,FACEBOOK_SUMMER24,68.76,2074,149
2023-06-19,instagram,INSTAGRAM_SUMMER24,25.08,4947,61
2023-06-19,email,EMAIL_SUMMER24,69.22,7312,408
2023-06-20,google,GOOGLE_SUMMER24,904.9,17029,1054
2023-06-20,facebook,FACEBOOK_SUMMER24,16.68,1418,17
2023-06-20,instagram,INSTAGRAM_SUMMER24,112.93,5115,254
2023-06-20,email,EMAIL_SUMMER24,221.3,3438,189
2023-06-21,google,GOOGLE_SUMMER24,247.62,6670,530
2023-06-21,facebook,FACEBOOK_SUMMER24,306.75,12513,954
2023-06-21,instagram,INSTAGRAM_SUMMER24,278.15,13307,448
2023-06-21,email,EMAIL_SUMMER24,39.46,5725,136
2023-06-22,google,GOOGLE_SUMMER24,27.32,4966,55
2023-06-22,facebook,FACEBOOK_SUMMER24,7.99,826,21
2023-06-22,instagram,INSTAGRAM_SUMMER24,153.99,4525,
2023-06-22,email,EMAIL_SUMMER24,187.86,14487,288
2023-06-23,google,GOOGLE_SUMMER24,42.84,2356,52
2023-06-23,facebook,FACEBOOK_SUMMER24,363.3,8063,495
2023-06-23,instagram,INSTAGRAM_SUMMER24,245.03,7603,220
2023-06-23,email,EMAIL_SUMMER24,268.12,15522,229
2023-06-24,google,GOOGLE_SUMMER24,14.46,1036,16
2023-06-24,facebook,FACEBOOK_SUMMER24,33.4,2207,158
2023-06-24,instagram,INSTAGRAM_SUMMER24,365.51,8985,505
2023-06-24,email,EMAIL_SUMMER24,774.85,16106,885
2023-06-25,google,GOOGLE_SUMMER24,98.24,6492,485
2023-06-25,facebook,FACEBOOK_SUMMER24,267.07,14941,310
2023-06-25,instagram,INSTAGRAM_SUMMER24,27.98,2600,58
2023-06-25,email,EMAIL_SUMMER24,410.63,11747,434
2023-06-26,google,GOOGLE_SUMMER24,267.85,5331,406
2023-06-26,facebook,FACEBOOK_SUMMER24,49.92,3000,196
2023-06-26,instagram,INSTAGRAM_SUMMER24,233.46,15504,1203
2023-06-26,email,EMAIL_SUMMER24,131.33,2138,121
2023-06-27,google,GOOGLE_SUMMER24,93.36,16383,497
2023-06-27,facebook,FACEBOOK_SUMMER24,159.28,3893,199
2023-06-27,instagram,INSTAGRAM_SUMMER24,60.3,4084,182
2023-06-27,email,EMAIL_SUMMER24,177.98,8840,242
2023-06-28,google,GOOGLE_SUMMER24,58.8,5403,108
2023-06-28,facebook,FACEBOOK_SUMMER24,783.86,19869,1421
2023-06-28,instagram,INSTAGRAM_SUMMER24,32.23,549,32
2023-06-28,email,EMAIL_SUMMER24,35.11,1106,34
2023-06-29,google,GOOGLE_SUMMER24,4.3,884,25
2023-06-29,facebook,FACEBOOK_SUMMER24,710.49,12870,818
2023-06-29,instagram,INSTAGRAM_SUMMER24,547.47,15186,680
2023-06-29,email,EMAIL_SUMMER24,166.09,7355,155
2023-06-30,google,GOOGLE_SUMMER24,739.22,15322,1141
2023-06-30,facebook,FACEBOOK_SUMMER24,14.54,5533,62
2023-06-30,instagram,INSTAGRAM_SUMMER24,31.17,4885,58
2023-06-30,email,EMAIL_SUMMER24,71.7,4334,64
2023-07-01,google,GOOGLE_WELCOME,135.33,5468,281
2023-07-01,facebook,FACEBOOK_WELCOME,326.24,8507,360
2023-07-01,instagram,INSTAGRAM_WELCOME,664.5,10220,577
2023-07-01,email,EMAIL_WELCOME,86.0,8993,482
2023-07-02,google,GOOGLE_WELCOME,72.95,4005,102
2023-07-02,facebook,FACEBOOK_WELCOME,146.42,7854,465
2023-07-02,instagram,INSTAGRAM_WELCOME,90.84,3592,274
2023-07-02,email,EMAIL_WELCOME,178.81,4191,250
2023-07-03,google,GOOGLE_WELCOME,66.88,13655,421
2023-07-03,facebook,FACEBOOK_WELCOME,498.01,18727,891
2023-07-03,instagram,INSTAGRAM_WELCOME,3.35,531,6
2023-07-03,email,EMAIL_WELCOME,536.01,14991,819
2023-07-04,google,GOOGLE_WELCOME,321.46,13204,721
2023-07-04,facebook,FACEBOOK_WELCOME,206.67,4391,227
2023-07-04,instagram,INSTAGRAM_WELCOME,186.63,5117,307
2023-07-04,email,EMAIL_WELCOME,121.22,10515,613
2023-07-05,google,GOOGLE_WELCOME,81.82,4195,124
2023-07-05,facebook,FACEBOOK_WELCOME,70.74,4167,67
2023-07-05,instagram,INSTAGRAM_WELCOME,690.61,19966,1564
2023-07-05,email,EMAIL_WELCOME,90.15,7026,124
2023-07-06,google,GOOGLE_WELCOME,68.06,1186,73
2023-07-06,facebook,FACEBOOK_WELCOME,310.12,6945,433
2023-07-06,instagram,INSTAGRAM_WELCOME,3.97,626,20
2023-07-06,email,EMAIL_WELCOME,60.35,8198,397
2023-07-07,google,GOOGLE_WELCOME,254.03,6100,342
2023-07-07,facebook,FACEBOOK_WELCOME,197.9,14662,314
2023-07-07,instagram,INSTAGRAM_WELCOME,545.95,18712,1487
2023-07-07,email,EMAIL_WELCOME,117.75,7179,179
2023-07-08,google,GOOGLE_WELCOME,353.14,4237,304
2023-07-08,facebook,FACEBOOK_WELCOME,61.88,6301,238
2023-07-08,instagram,INSTAGRAM_WELCOME,14.32,526,41
2023-07-08,email,EMAIL_WELCOME,146.93,7892,474
2023-07-09,google,GOOGLE_WELCOME,93.12,7833,269
2023-07-09,facebook,FACEBOOK_WELCOME,599.17,16126,528
2023-07-09,instagram,INSTAGRAM_WELCOME,181.05,16303,725
2023-07-09,email,EMAIL_WELCOME,346.21,19571,424
2023-07-10,google,GOOGLE_WELCOME,57.66,9229,252
2023-07-10,facebook,FACEBOOK_WELCOME,123.46,4326,182
2023-07-10,instagram,INSTAGRAM_WELCOME,710.17,17973,989
2023-07-10,email,EMAIL_WELCOME,83.07,1045,82
2023-07-11,google,GOOGLE_WELCOME,612.08,13582,643
2023-07-11,facebook,FACEBOOK_WELCOME,59.75,5033,164
2023-07-11,instagram,INSTAGRAM_WELCOME,76.17,5825,198
2023-07-11,email,EMAIL_WELCOME,1003.1,15060,928
2023-07-12,google,GOOGLE_WELCOME,256.23,16070,321
2023-07-12,facebook,FACEBOOK_WELCOME,421.8,,745
2023-07-12,instagram,INSTAGRAM_WELCOME,420.62,15484,487
2023-07-12,email,EMAIL_WELCOME,252.32,19209,574
2023-07-13,google,GOOGLE_WELCOME,316.17,17017,1179
2023-07-13,facebook,FACEBOOK_WELCOME,263.96,11751,287
2023-07-13,instagram,INSTAGRAM_WELCOME,461.04,10099,649
2023-07-13,email,EMAIL_WELCOME,232.01,,336
2023-07-14,google,GOOGLE_WELCOME,354.59,4375,299
2023-07-14,facebook,FACEBOOK_WELCOME,374.76,,513
2023-07-14,instagram,INSTAGRAM_WELCOME,184.39,9365,
2023-07-14,email,EMAIL_WELCOME,318.35,18182,911
2023-07-15,google,GOOGLE_WELCOME,707.82,18222,885
2023-07-15,facebook,FACEBOOK_WELCOME,113.25,,193
2023-07-15,instagram,INSTAGRAM_WELCOME,1096.52,15149,987
2023-07-15,email,EMAIL_WELCOME,481.13,13291,839
2023-07-16,google,GOOGLE_WELCOME,93.33,7161,80
2023-07-16,facebook,FACEBOOK_WELCOME,271.53,19024,445
2023-07-16,instagram,INSTAGRAM_WELCOME,123.85,14655,606
2023-07-16,email,EMAIL_WELCOME,65.94,4376,206
2023-07-17,google,GOOGLE_WELCOME,310.82,7186,287
2023-07-17,facebook,FACEBOOK_WELCOME,330.49,10429,797
2023-07-17,instagram,INSTAGRAM_WELCOME,617.7,9486,536
2023-07-17,email,EMAIL_WELCOME,311.54,12762,274
2023-07-18,google,GOOGLE_WELCOME,647.73,11103,818
2023-07-18,facebook,FACEBOOK_WELCOME,315.97,14441,
2023-07-18,instagram,INSTAGRAM_WELCOME,168.29,8230,206
2023-07-18,email,EMAIL_WELCOME,580.78,16848,530
2023-07-19,google,GOOGLE_WELCOME,513.78,12701,658
2023-07-19,facebook,FACEBOOK_WELCOME,183.14,8094,383
2023-07-19,instagram,INSTAGRAM_WELCOME,263.83,11412,696
2023-07-19,email,EMAIL_WELCOME,9.88,2346,24
2023-07-20,google,GOOGLE_WELCOME,197.49,2727,204
2023-07-20,facebook,FACEBOOK_WELCOME,417.22,15681,699
2023-07-20,instagram,INSTAGRAM_WELCOME,519.93,11854,579
2023-07-20,email,EMAIL_WELCOME,237.77,10503,230
2023-07-21,google,GOOGLE_WELCOME,166.01,4289,336
2023-07-21,facebook,FACEBOOK_WELCOME,601.83,11509,853
2023-07-21,instagram,INSTAGRAM_WELCOME,174.87,8964,370
2023-07-21,email,EMAIL_WELCOME,360.7,12185,780
2023-07-22,google,GOOGLE_WELCOME,177.19,10192,181
2023-07-22,facebook,FACEBOOK_WELCOME,342.59,19213,810
2023-07-22,instagram,INSTAGRAM_WELCOME,253.84,8081,357
2023-07-22,email,EMAIL_WELCOME,50.86,3224,229
2023-07-23,google,GOOGLE_WELCOME,48.84,6470,258
2023-07-23,facebook,FACEBOOK_WELCOME,272.6,18745,
2023-07-23,instagram,INSTAGRAM_WELCOME,363.73,18681,755
2023-07-23,email,EMAIL_WELCOME,415.47,10518,406
2023-07-24,google,GOOGLE_WELCOME,160.18,17272,233
2023-07-24,facebook,FACEBOOK_WELCOME,214.69,6660,202
2023-07-24,instagram,INSTAGRAM_WELCOME,751.27,12915,973
2023-07-24,email,EMAIL_WELCOME,109.21,7855,193
2023-07-25,google,GOOGLE_WELCOME,454.85,14590,413
2023-07-25,facebook,FACEBOOK_WELCOME,22.49,1450,84
2023-07-25,instagram,INSTAGRAM_WELCOME,238.96,19421,217
2023-07-25,email,EMAIL_WELCOME,153.51,3619,214
2023-07-26,google,GOOGLE_WELCOME,188.5,6077,337
2023-07-26,facebook,FACEBOOK_WELCOME,480.02,15501,787
2023-07-26,instagram,INSTAGRAM_WELCOME,488.93,16565,546
2023-07-26,email,EMAIL_WELCOME,58.11,4142,285
2023-07-27,google,GOOGLE_WELCOME,1042.91,18155,955
2023-07-27,facebook,FACEBOOK_WELCOME,167.9,10305,484
2023-07-27,instagram,INSTAGRAM_WELCOME,85.07,15642,172
2023-07-27,email,EMAIL_WELCOME,736.51,11271,752
2023-07-28,google,GOOGLE_WELCOME,149.73,5738,267
2023-07-28,facebook,FACEBOOK_WELCOME,24.4,1472,36
2023-07-28,instagram,INSTAGRAM_WELCOME,126.44,3184,160
2023-07-28,email,EMAIL_WELCOME,627.49,11528,580
2023-07-29,google,GOOGLE_WELCOME,338.93,19271,1042
2023-07-29,facebook,FACEBOOK_WELCOME,231.99,10842,220
2023-07-29,instagram,INSTAGRAM_WELCOME,211.25,12744,207
2023-07-29,email,EMAIL_WELCOME,197.42,15726,1215
2023-07-30,google,GOOGLE_WELCOME,142.54,13429,153
2023-07-30,facebook,FACEBOOK_WELCOME,24.16,841,23
2023-07-30,instagram,INSTAGRAM_WELCOME,129.84,4904,270
2023-07-30,email,EMAIL_WELCOME,69.72,2435,141
2023-07-31,google,GOOGLE_WELCOME,28.66,4531,58
2023-07-31,facebook,FACEBOOK_WELCOME,303.89,7269,276
2023-07-31,instagram,INSTAGRAM_WELCOME,151.05,7238,264
2023-07-31,email,EMAIL_WELCOME,593.26,17200,1039
2023-08-01,google,GOOGLE_RETARGET,117.96,2477,146
2023-08-01,facebook,FACEBOOK_RETARGET,193.85,14596,238
2023-08-01,instagram,INSTAGRAM_RETARGET,813.19,11454,804
2023-08-01,email,EMAIL_RETARGET,210.12,11861,774
2023-08-02,google,GOOGLE_RETARGET,109.2,1895,106
2023-08-02,facebook,FACEBOOK_RETARGET,71.47,1423,99
2023-08-02,instagram,INSTAGRAM_RETARGET,9.06,653,22
2023-08-02,email,EMAIL_RETARGET,116.59,8902,131
2023-08-03,google,GOOGLE_RETARGET,589.84,15633,1205
2023-08-03,facebook,FACEBOOK_RETARGET,170.69,10317,398
2023-08-03,instagram,INSTAGRAM_RETARGET,265.85,,910
2023-08-03,email,EMAIL_RETARGET,101.86,14252,350
2023-08-04,google,GOOGLE_RETARGET,322.37,8992,515
2023-08-04,facebook,FACEBOOK_RETARGET,418.53,7427,555
2023-08-04,instagram,INSTAGRAM_RETARGET,557.35,9023,529
2023-08-04,email,EMAIL_RETARGET,9.95,617,30
2023-08-05,google,GOOGLE_RETARGET,310.97,17183,718
2023-08-05,facebook,FACEBOOK_RETARGET,537.81,8270,563
2023-08-05,instagram,INSTAGRAM_RETARGET,132.62,16587,309
2023-08-05,email,EMAIL_RETARGET,1700.76,18614,1436
2023-08-06,google,GOOGLE_RETARGET,575.23,9379,603
2023-08-06,facebook,FACEBOOK_RETARGET,1178.42,17011,1075
2023-08-06,instagram,INSTAGRAM_RETARGET,363.62,12268,948
2023-08-06,email,EMAIL_RETARGET,69.07,,
2023-08-07,google,GOOGLE_RETARGET,164.27,4193,318
2023-08-07,facebook,FACEBOOK_RETARGET,8.24,1259,29
2023-08-07,instagram,INSTAGRAM_RETARGET,29.42,1794,133
2023-08-07,email,EMAIL_RETARGET,157.49,3285,
2023-08-08,google,GOOGLE_RETARGET,29.53,9658,141
2023-08-08,facebook,FACEBOOK_RETARGET,59.76,9416,159
2023-08-08,instagram,INSTAGRAM_RETARGET,216.72,18549,1020
2023-08-08,email,EMAIL_RETARGET,46.29,5233,105
2023-08-09,google,GOOGLE_RETARGET,756.48,18785,812
2023-08-09,facebook,FACEBOOK_RETARGET,88.86,7207,164
2023-08-09,instagram,INSTAGRAM_RETARGET,85.22,6579,199
2023-08-09,email,EMAIL_RETARGET,171.17,14236,241
2023-08-10,google,GOOGLE_RETARGET,620.81,17730,712
2023-08-10,facebook,FACEBOOK_RETARGET,469.52,13586,562
2023-08-10,instagram,INSTAGRAM_RETARGET,76.5,1541,79
2023-08-10,email,EMAIL_RETARGET,38.57,4941,73
2023-08-11,google,GOOGLE_RETARGET,387.08,11607,493
2023-08-11,facebook,FACEBOOK_RETARGET,,11429,878
2023-08-11,instagram,INSTAGRAM_RETARGET,238.83,15621,254
2023-08-11,email,EMAIL_RETARGET,99.36,4076,99
2023-08-12,google,GOOGLE_RETARGET,111.29,2976,166
2023-08-12,facebook,FACEBOOK_RETARGET,689.49,10861,770
2023-08-12,instagram,INSTAGRAM_RETARGET,96.69,16752,297
2023-08-12,email,EMAIL_RETARGET,13.68,706,29
2023-08-13,google,GOOGLE_RETARGET,227.98,7891,498
2023-08-13,facebook,FACEBOOK_RETARGET,48.78,5225,86
2023-08-13,instagram,INSTAGRAM_RETARGET,175.52,9343,587
2023-08-13,email,EMAIL_RETARGET,528.6,19614,569
2023-08-14,google,GOOGLE_RETARGET,251.05,12815,681
2023-08-14,facebook,FACEBOOK_RETARGET,26.41,3592,92
2023-08-14,instagram,INSTAGRAM_RETARGET,109.39,10333,624
2023-08-14,email,EMAIL_RETARGET,323.42,12266,624
2023-08-15,google,GOOGLE_RETARGET,149.84,4118,133
2023-08-15,facebook,FACEBOOK_RETARGET,400.66,14585,697
2023-08-15,instagram,INSTAGRAM_RETARGET,543.07,18059,1299
2023-08-15,email,EMAIL_RETARGET,280.7,17332,991
2023-08-16,google,GOOGLE_RETARGET,377.27,16890,790
2023-08-16,facebook,FACEBOOK_RETARGET,1728.07,18767,1470
2023-08-16,instagram,INSTAGRAM_RETARGET,222.3,19087,365
2023-08-16,email,EMAIL_RETARGET,1285.2,17837,1343
2023-08-17,google,GOOGLE_RETARGET,311.9,4689,320
2023-08-17,facebook,FACEBOOK_RETARGET,488.68,14821,428
2023-08-17,instagram,INSTAGRAM_RETARGET,301.37,17794,
2023-08-17,email,EMAIL_RETARGET,76.16,2660,212
2023-08-18,google,GOOGLE_RETARGET,16.84,976,
2023-08-18,facebook,FACEBOOK_RETARGET,9.03,1175,13
2023-08-18,instagram,INSTAGRAM_RETARGET,442.4,,572
2023-08-18,email,EMAIL_RETARGET,423.84,19116,1528
2023-08-19,google,GOOGLE_RETARGET,122.28,3525,130
2023-08-19,facebook,FACEBOOK_RETARGET,253.09,16702,402
2023-08-19,instagram,INSTAGRAM_RETARGET,1094.8,19412,1181
2023-08-19,email,EMAIL_RETARGET,424.27,11537,357
2023-08-20,google,GOOGLE_RETARGET,879.58,18444,733
2023-08-20,facebook,FACEBOOK_RETARGET,792.08,19816,912
2023-08-20,instagram,INSTAGRAM_RETARGET,154.27,8505,652
2023-08-20,email,EMAIL_RETARGET,907.15,18695,1032
2023-08-21,google,GOOGLE_RETARGET,36.69,10626,217
2023-08-21,facebook,FACEBOOK_RETARGET,47.54,2741,97
2023-08-21,instagram,INSTAGRAM_RETARGET,301.4,11039,400
2023-08-21,email,EMAIL_RETARGET,401.35,9456,665
2023-08-22,google,GOOGLE_RETARGET,,5020,144
2023-08-22,facebook,FACEBOOK_RETARGET,62.89,3501,203
2023-08-22,instagram,INSTAGRAM_RETARGET,237.74,9969,775
2023-08-22,email,EMAIL_RETARGET,818.83,16910,1219
2023-08-23,google,GOOGLE_RETARGET,235.33,12247,668
2023-08-23,facebook,FACEBOOK_RETARGET,79.02,15390,172
2023-08-23,instagram,INSTAGRAM_RETARGET,122.66,5070,246
2023-08-23,email,EMAIL_RETARGET,479.87,,409
2023-08-24,google,GOOGLE_RETARGET,44.54,13527,243
2023-08-24,facebook,FACEBOOK_RETARGET,115.21,14474,558
2023-08-24,instagram,INSTAGRAM_RETARGET,36.38,3339,40
2023-08-24,email,EMAIL_RETARGET,276.01,4666,232
2023-08-25,google,GOOGLE_RETARGET,34.65,1462,81
2023-08-25,facebook,FACEBOOK_RETARGET,289.41,14570,589
2023-08-25,instagram,INSTAGRAM_RETARGET,259.83,8972,285
2023-08-25,email,EMAIL_RETARGET,241.86,5229,410
2023-08-26,google,GOOGLE_RETARGET,5.58,1324,23
2023-08-26,facebook,FACEBOOK_RETARGET,265.29,7216,559
2023-08-26,instagram,INSTAGRAM_RETARGET,271.0,14323,226
2023-08-26,email,EMAIL_RETARGET,67.52,3827,239
2023-08-27,google,GOOGLE_RETARGET,29.11,624,28
2023-08-27,facebook,FACEBOOK_RETARGET,1093.82,13613,1043
2023-08-27,instagram,INSTAGRAM_RETARGET,623.23,14981,1076
2023-08-27,email,EMAIL_RETARGET,445.31,10115,436
2023-08-28,google,GOOGLE_RETARGET,79.35,12349,136
2023-08-28,facebook,FACEBOOK_RETARGET,388.98,19034,834
2023-08-28,instagram,INSTAGRAM_RETARGET,109.64,7364,232
2023-08-28,email,EMAIL_RETARGET,129.2,5492,419
2023-08-29,google,GOOGLE_RETARGET,109.52,,261
2023-08-29,facebook,FACEBOOK_RETARGET,520.55,9557,631
2023-08-29,instagram,INSTAGRAM_RETARGET,774.0,16656,1069
2023-08-29,email,EMAIL_RETARGET,148.07,14558,383
2023-08-30,google,GOOGLE_RETARGET,1025.81,16972,1127
2023-08-30,facebook,FACEBOOK_RETARGET,120.84,18091,210
2023-08-30,instagram,INSTAGRAM_RETARGET,296.96,3722,249
2023-08-30,email,EMAIL_RETARGET,237.12,10690,253
2023-08-31,google,GOOGLE_RETARGET,14.86,1460,26
2023-08-31,facebook,FACEBOOK_RETARGET,17.27,637,43
2023-08-31,instagram,INSTAGRAM_RETARGET,747.7,17055,630
2023-08-31,email,EMAIL_RETARGET,147.84,3941,203
2023-09-01,google,GOOGLE_BRAND,21.99,3127,50
2023-09-01,facebook,FACEBOOK_BRAND,432.54,16059,1074
2023-09-01,instagram,INSTAGRAM_BRAND,732.51,15790,1000
2023-09-01,email,EMAIL_BRAND,297.39,13212,949
2023-09-02,google,GOOGLE_BRAND,55.19,2168,131
2023-09-02,facebook,FACEBOOK_BRAND,527.27,,1065
2023-09-02,instagram,INSTAGRAM_BRAND,283.33,7251,558
2023-09-02,email,EMAIL_BRAND,877.33,15984,1192
2023-09-03,google,GOOGLE_BRAND,25.18,613,26
2023-09-03,facebook,FACEBOOK_BRAND,82.76,4168,317
2023-09-03,instagram,INSTAGRAM_BRAND,388.89,15900,1245
2023-09-03,email,EMAIL_BRAND,594.36,19770,1074
2023-09-04,google,GOOGLE_BRAND,214.19,16397,552
2023-09-04,facebook,FACEBOOK_BRAND,,728,16
2023-09-04,instagram,INSTAGRAM_BRAND,598.42,12030,512
2023-09-04,email,EMAIL_BRAND,227.63,10106,238
2023-09-05,google,GOOGLE_BRAND,31.72,4482,167
2023-09-05,facebook,FACEBOOK_BRAND,404.25,18571,643
2023-09-05,instagram,INSTAGRAM_BRAND,454.07,14999,866
2023-09-05,email,EMAIL_BRAND,830.84,12449,731
2023-09-06,google,GOOGLE_BRAND,320.28,4282,
2023-09-06,facebook,FACEBOOK_BRAND,10.64,816,20
2023-09-06,instagram,INSTAGRAM_BRAND,204.02,8955,649
2023-09-06,email,EMAIL_BRAND,968.68,18135,1280
2023-09-07,google,GOOGLE_BRAND,41.52,7721,89
2023-09-07,facebook,FACEBOOK_BRAND,95.0,2944,197
2023-09-07,instagram,INSTAGRAM_BRAND,93.29,2835,103
2023-09-07,email,EMAIL_BRAND,377.82,10028,384
2023-09-08,google,GOOGLE_BRAND,216.05,11313,297
2023-09-08,facebook,FACEBOOK_BRAND,417.11,9548,705
2023-09-08,instagram,INSTAGRAM_BRAND,1342.87,19676,1281
2023-09-08,email,EMAIL_BRAND,759.32,11016,684
2023-09-09,google,GOOGLE_BRAND,554.52,15214,1118
2023-09-09,facebook,FACEBOOK_BRAND,215.12,18941,849
2023-09-09,instagram,INSTAGRAM_BRAND,126.34,1994,126
2023-09-09,email,EMAIL_BRAND,77.29,5530,169
2023-09-10,google,GOOGLE_BRAND,243.47,9681,383
2023-09-10,facebook,FACEBOOK_BRAND,12.42,1395,58
2023-09-10,instagram,INSTAGRAM_BRAND,375.81,9136,574
2023-09-10,email,EMAIL_BRAND,41.64,2505,
2023-09-11,google,GOOGLE_BRAND,219.13,6585,475
2023-09-11,facebook,FACEBOOK_BRAND,489.51,15541,886
2023-09-11,instagram,INSTAGRAM_BRAND,445.77,13424,778
2023-09-11,email,EMAIL_BRAND,511.81,10338,824
2023-09-12,google,GOOGLE_BRAND,223.65,12861,743
2023-09-12,facebook,FACEBOOK_BRAND,206.16,11584,284
2023-09-12,instagram,INSTAGRAM_BRAND,242.04,12235,639
2023-09-12,email,EMAIL_BRAND,71.85,2207,84
2023-09-13,google,GOOGLE_BRAND,1081.56,17648,1403
2023-09-13,facebook,FACEBOOK_BRAND,344.07,12641,814
2023-09-13,instagram,INSTAGRAM_BRAND,170.99,5244,226
2023-09-13,email,EMAIL_BRAND,,15225,609
2023-09-14,google,GOOGLE_BRAND,90.16,11040,428
2023-09-14,facebook,FACEBOOK_BRAND,125.11,11608,395
2023-09-14,instagram,INSTAGRAM_BRAND,403.0,8404,573
2023-09-14,email,EMAIL_BRAND,245.17,13687,855
2023-09-15,google,GOOGLE_BRAND,144.68,6248,475
2023-09-15,facebook,FACEBOOK_BRAND,467.21,12656,703
2023-09-15,instagram,INSTAGRAM_BRAND,37.66,5886,82
2023-09-15,email,EMAIL_BRAND,365.86,9288,637
2023-09-16,google,GOOGLE_BRAND,,3893,266
2023-09-16,facebook,FACEBOOK_BRAND,27.14,6633,80
2023-09-16,instagram,INSTAGRAM_BRAND,242.94,18509,203
2023-09-16,email,EMAIL_BRAND,243.05,16735,1138
2023-09-17,google,GOOGLE_BRAND,83.71,1133,84
2023-09-17,facebook,FACEBOOK_BRAND,112.17,1789,129
2023-09-17,instagram,INSTAGRAM_BRAND,161.1,6553,255
2023-09-17,email,EMAIL_BRAND,181.33,4207,296
2023-09-18,google,GOOGLE_BRAND,96.94,8418,623
2023-09-18,facebook,FACEBOOK_BRAND,98.62,11152,314
2023-09-18,instagram,INSTAGRAM_BRAND,535.6,18523,606
2023-09-18,email,EMAIL_BRAND,300.56,5677,450
2023-09-19,google,GOOGLE_BRAND,112.7,4362,294
2023-09-19,facebook,FACEBOOK_BRAND,210.53,14565,206
2023-09-19,instagram,INSTAGRAM_BRAND,82.75,6124,255
2023-09-19,email,EMAIL_BRAND,441.03,16531,471
2023-09-20,google,GOOGLE_BRAND,726.09,17069,1197
2023-09-20,facebook,FACEBOOK_BRAND,808.2,12407,
2023-09-20,instagram,INSTAGRAM_BRAND,198.63,3884,192
2023-09-20,email,EMAIL_BRAND,215.3,3047,223
2023-09-21,google,GOOGLE_BRAND,33.09,1567,46
2023-09-21,facebook,FACEBOOK_BRAND,67.95,,193
2023-09-21,instagram,INSTAGRAM_BRAND,55.79,12215,179
2023-09-21,email,EMAIL_BRAND,46.4,2445,43
2023-09-22,google,GOOGLE_BRAND,23.58,1594,41
2023-09-22,facebook,FACEBOOK_BRAND,369.58,7320,392
2023-09-22,instagram,INSTAGRAM_BRAND,103.48,,322
2023-09-22,email,EMAIL_BRAND,544.41,11864,587
2023-09-23,google,GOOGLE_BRAND,143.07,9329,584
2023-09-23,facebook,FACEBOOK_BRAND,455.09,13371,426
2023-09-23,instagram,INSTAGRAM_BRAND,93.3,5174,139
2023-09-23,email,EMAIL_BRAND,,12679,373
2023-09-24,google,GOOGLE_BRAND,379.04,9288,509
2023-09-24,facebook,FACEBOOK_BRAND,63.89,3704,188
2023-09-24,instagram,INSTAGRAM_BRAND,190.08,12702,333
2023-09-24,email,EMAIL_BRAND,235.28,10936,225
2023-09-25,google,GOOGLE_BRAND,329.8,5148,304
2023-09-25,facebook,FACEBOOK_BRAND,10.82,1366,14
2023-09-25,instagram,INSTAGRAM_BRAND,334.62,10835,771
2023-09-25,email,EMAIL_BRAND,294.61,8045,564
2023-09-26,google,GOOGLE_BRAND,70.68,5073,86
2023-09-26,facebook,FACEBOOK_BRAND,507.22,14970,658
2023-09-26,instagram,INSTAGRAM_BRAND,155.96,4656,168
2023-09-26,email,EMAIL_BRAND,491.66,18366,487
2023-09-27,google,GOOGLE_BRAND,915.04,18184,1188
2023-09-27,facebook,FACEBOOK_BRAND,155.01,18284,801
2023-09-27,instagram,INSTAGRAM_BRAND,497.3,7347,526
2023-09-27,email,EMAIL_BRAND,100.6,3621,126
2023-09-28,google,GOOGLE_BRAND,338.23,9997,771
2023-09-28,facebook,FACEBOOK_BRAND,533.02,12272,754
2023-09-28,instagram,INSTAGRAM_BRAND,580.69,11006,648
2023-09-28,email,EMAIL_BRAND,321.62,17143,490
2023-09-29,google,GOOGLE_BRAND,437.63,7601,534
2023-09-29,facebook,FACEBOOK_BRAND,91.92,13338,290
2023-09-29,instagram,INSTAGRAM_BRAND,375.48,17974,410
2023-09-29,email,EMAIL_BRAND,311.02,10326,426
2023-09-30,google,GOOGLE_BRAND,16.0,916,14
2023-09-30,facebook,FACEBOOK_BRAND,,,494
2023-09-30,instagram,INSTAGRAM_BRAND,545.29,14180,533
2023-09-30,email,EMAIL_BRAND,733.35,9094,675
2023-10-01,google,GOOGLE_SPRING24,75.71,14600,
2023-10-01,facebook,FACEBOOK_SPRING24,86.63,8089,428
2023-10-01,instagram,INSTAGRAM_SPRING24,113.41,7079,337
2023-10-01,email,EMAIL_SPRING24,530.75,19894,508
2023-10-02,google,GOOGLE_SPRING24,235.67,17830,357
2023-10-02,facebook,FACEBOOK_SPRING24,200.79,14196,967
2023-10-02,instagram,INSTAGRAM_SPRING24,409.89,,456
2023-10-02,email,EMAIL_SPRING24,150.93,15672,347
2023-10-03,google,GOOGLE_SPRING24,162.81,7805,445
2023-10-03,facebook,FACEBOOK_SPRING24,48.13,907,49
2023-10-03,instagram,INSTAGRAM_SPRING24,72.73,10319,202
2023-10-03,email,EMAIL_SPRING24,168.54,9927,180
2023-10-04,google,GOOGLE_SPRING24,400.67,13225,616
2023-10-04,facebook,FACEBOOK_SPRING24,375.05,7329,478
2023-10-04,instagram,INSTAGRAM_SPRING24,626.34,14543,968
2023-10-04,email,EMAIL_SPRING24,93.52,1147,91
2023-10-05,google,GOOGLE_SPRING24,117.29,10323,607
2023-10-05,facebook,FACEBOOK_SPRING24,136.91,9236,591
2023-10-05,instagram,INSTAGRAM_SPRING24,509.73,11485,754
2023-10-05,email,EMAIL_SPRING24,19.22,853,18
2023-10-06,google,GOOGLE_SPRING24,145.51,4983,195
2023-10-06,facebook,FACEBOOK_SPRING24,387.87,14717,
2023-10-06,instagram,INSTAGRAM_SPRING24,320.44,11605,300
2023-10-06,email,EMAIL_SPRING24,115.43,9279,206
2023-10-07,google,GOOGLE_SPRING24,12.89,1024,70
2023-10-07,facebook,FACEBOOK_SPRING24,129.32,14503,195
2023-10-07,instagram,INSTAGRAM_SPRING24,375.05,7778,325
2023-10-07,email,EMAIL_SPRING24,194.14,13482,821
2023-10-08,google,GOOGLE_SPRING24,359.7,12014,858
2023-10-08,facebook,FACEBOOK_SPRING24,476.13,13204,829
2023-10-08,instagram,INSTAGRAM_SPRING24,757.77,12550,704
2023-10-08,email,EMAIL_SPRING24,50.43,19218,237
2023-10-09,google,GOOGLE_SPRING24,30.49,4104,44
2023-10-09,facebook,FACEBOOK_SPRING24,317.74,18918,699
2023-10-09,instagram,INSTAGRAM_SPRING24,9.98,1590,53
2023-10-09,email,EMAIL_SPRING24,337.63,19903,908
2023-10-10,google,GOOGLE_SPRING24,52.85,1229,82
2023-10-10,facebook,FACEBOOK_SPRING24,38.37,4944,112
2023-10-10,instagram,INSTAGRAM_SPRING24,496.09,9714,624
2023-10-10,email,EMAIL_SPRING24,326.56,14619,482
2023-10-11,google,GOOGLE_SPRING24,206.88,13188,566
2023-10-11,facebook,FACEBOOK_SPRING24,1079.93,17376,1017
2023-10-11,instagram,INSTAGRAM_SPRING24,584.35,10819,713
2023-10-11,email,EMAIL_SPRING24,384.49,19210,377
2023-10-12,google,GOOGLE_SPRING24,661.22,18883,747
2023-10-12,facebook,FACEBOOK_SPRING24,101.41,15009,181
2023-10-12,instagram,INSTAGRAM_SPRING24,341.12,,294
2023-10-12,email,EMAIL_SPRING24,944.57,19512,989
2023-10-13,google,GOOGLE_SPRING24,1442.58,19067,1280
2023-10-13,facebook,FACEBOOK_SPRING24,822.87,11079,859
2023-10-13,instagram,INSTAGRAM_SPRING24,33.44,699,33
2023-10-13,email,EMAIL_SPRING24,77.34,10066,211
2023-10-14,google,GOOGLE_SPRING24,154.05,8181,638
2023-10-14,facebook,FACEBOOK_SPRING24,10.53,1131,20
2023-10-14,instagram,INSTAGRAM_SPRING24,145.83,12964,673
2023-10-14,email,EMAIL_SPRING24,277.24,12554,352
2023-10-15,google,GOOGLE_SPRING24,473.2,17297,1071
2023-10-15,facebook,FACEBOOK_SPRING24,90.18,2968,126
2023-10-15,instagram,INSTAGRAM_SPRING24,823.35,13160,715
2023-10-15,email,EMAIL_SPRING24,849.05,17791,900
2023-10-16,google,GOOGLE_SPRING24,478.02,8777,629
2023-10-16,facebook,FACEBOOK_SPRING24,43.04,17244,284
2023-10-16,instagram,INSTAGRAM_SPRING24,202.31,2282,172
2023-10-16,email,EMAIL_SPRING24,34.44,2070,50
2023-10-17,google,GOOGLE_SPRING24,62.94,2649,110
2023-10-17,facebook,FACEBOOK_SPRING24,329.87,6196,344
2023-10-17,instagram,INSTAGRAM_SPRING24,14.13,1489,83
2023-10-17,email,EMAIL_SPRING24,304.62,11604,888
2023-10-18,google,GOOGLE_SPRING24,403.42,14228,679
2023-10-18,facebook,FACEBOOK_SPRING24,303.33,13111,
2023-10-18,instagram,INSTAGRAM_SPRING24,76.42,1584,74
2023-10-18,email,EMAIL_SPRING24,293.8,6241,496
2023-10-19,google,GOOGLE_SPRING24,194.43,7654,251
2023-10-19,facebook,FACEBOOK_SPRING24,1083.76,17602,
2023-10-19,instagram,INSTAGRAM_SPRING24,764.08,10174,678
2023-10-19,email,EMAIL_SPRING24,49.15,7543,290
2023-10-20,google,GOOGLE_SPRING24,87.83,15525,551
2023-10-20,facebook,FACEBOOK_SPRING24,36.01,,66
2023-10-20,instagram,INSTAGRAM_SPRING24,131.69,10122,272
2023-10-20,email,EMAIL_SPRING24,370.11,12032,419
2023-10-21,google,GOOGLE_SPRING24,1179.03,17958,
2023-10-21,facebook,FACEBOOK_SPRING24,613.09,8464,602
2023-10-21,instagram,INSTAGRAM_SPRING24,103.6,5312,97
2023-10-21,email,EMAIL_SPRING24,331.33,12605,369
2023-10-22,google,GOOGLE_SPRING24,177.17,8063,322
2023-10-22,facebook,FACEBOOK_SPRING24,525.26,17832,687
2023-10-22,instagram,INSTAGRAM_SPRING24,1334.21,16379,1273
2023-10-22,email,EMAIL_SPRING24,143.63,8907,205
2023-10-23,google,GOOGLE_SPRING24,29.39,4720,50
2023-10-23,facebook,FACEBOOK_SPRING24,263.54,19617,756
2023-10-23,instagram,INSTAGRAM_SPRING24,262.44,5556,284
2023-10-23,email,EMAIL_SPRING24,634.02,11005,688
2023-10-24,google,GOOGLE_SPRING24,240.93,16734,695
2023-10-24,facebook,FACEBOOK_SPRING24,79.18,8595,239
2023-10-24,instagram,INSTAGRAM_SPRING24,51.5,8594,143
2023-10-24,email,EMAIL_SPRING24,,,68
2023-10-25,google,GOOGLE_SPRING24,162.54,10248,138
2023-10-25,facebook,FACEBOOK_SPRING24,97.8,2706,208
2023-10-25,instagram,INSTAGRAM_SPRING24,445.33,9814,600
2023-10-25,email,EMAIL_SPRING24,267.77,19338,864
2023-10-26,google,GOOGLE_SPRING24,637.45,19880,1051
2023-10-26,facebook,FACEBOOK_SPRING24,24.45,4937,151
2023-10-26,instagram,INSTAGRAM_SPRING24,200.46,17493,398
2023-10-26,email,EMAIL_SPRING24,658.65,14479,578
2023-10-27,google,GOOGLE_SPRING24,289.32,13629,255
2023-10-27,facebook,FACEBOOK_SPRING24,93.47,1612,
2023-10-27,instagram,INSTAGRAM_SPRING24,367.07,16027,899
2023-10-27,email,EMAIL_SPRING24,172.21,3793,286
2023-10-28,google,GOOGLE_SPRING24,109.16,10015,695
2023-10-28,facebook,FACEBOOK_SPRING24,128.23,4449,265
2023-10-28,instagram,INSTAGRAM_SPRING24,189.84,10846,754
2023-10-28,email,EMAIL_SPRING24,108.3,6056,91
2023-10-29,google,GOOGLE_SPRING24,414.76,19361,1226
2023-10-29,facebook,FACEBOOK_SPRING24,228.35,19630,1017
2023-10-29,instagram,INSTAGRAM_SPRING24,38.57,1821,42
2023-10-29,email,EMAIL_SPRING24,359.96,15198,456
2023-10-30,google,GOOGLE_SPRING24,200.71,18015,704
2023-10-30,facebook,FACEBOOK_SPRING24,25.11,668,39
2023-10-30,instagram,INSTAGRAM_SPRING24,1014.0,15940,862
2023-10-30,email,EMAIL_SPRING24,60.13,3443,150
2023-10-31,google,GOOGLE_SPRING24,48.64,3070,88
2023-10-31,facebook,FACEBOOK_SPRING24,843.78,18795,1233
2023-10-31,instagram,INSTAGRAM_SPRING24,120.15,3627,117
2023-10-31,email,EMAIL_SPRING24,290.61,12484,342
2023-11-01,google,GOOGLE_SUMMER24,72.79,15992,162
2023-11-01,facebook,FACEBOOK_SUMMER24,165.16,10706,346
2023-11-01,instagram,INSTAGRAM_SUMMER24,442.0,8647,452
2023-11-01,email,EMAIL_SUMMER24,56.83,1290,74
2023-11-02,google,GOOGLE_SUMMER24,25.94,1807,48
2023-11-02,facebook,FACEBOOK_SUMMER24,455.7,9632,519
2023-11-02,instagram,INSTAGRAM_SUMMER24,64.33,5466,204
2023-11-02,email,EMAIL_SUMMER24,510.01,9756,570
2023-11-03,google,GOOGLE_SUMMER24,56.65,14181,272
2023-11-03,facebook,FACEBOOK_SUMMER24,36.18,1177,53
2023-11-03,instagram,INSTAGRAM_SUMMER24,98.87,1894,85
2023-11-03,email,EMAIL_SUMMER24,66.49,6011,77
2023-11-04,google,GOOGLE_SUMMER24,159.94,9745,687
2023-11-04,facebook,FACEBOOK_SUMMER24,121.51,13272,484
2023-11-04,instagram,INSTAGRAM_SUMMER24,142.9,11736,251
2023-11-04,email,EMAIL_SUMMER24,200.58,13714,168
2023-11-05,google,GOOGLE_SUMMER24,26.54,,34
2023-11-05,facebook,FACEBOOK_SUMMER24,147.78,9433,334
2023-11-05,instagram,INSTAGRAM_SUMMER24,889.61,17926,1031
2023-11-05,email,EMAIL_SUMMER24,426.51,15042,940
2023-11-06,google,GOOGLE_SUMMER24,252.91,8491,427
2023-11-06,facebook,FACEBOOK_SUMMER24,116.21,4834,343
2023-11-06,instagram,INSTAGRAM_SUMMER24,23.5,590,20
2023-11-06,email,EMAIL_SUMMER24,62.41,10369,
2023-11-07,google,GOOGLE_SUMMER24,122.51,13222,610
2023-11-07,facebook,FACEBOOK_SUMMER24,,13483,508
2023-11-07,instagram,INSTAGRAM_SUMMER24,111.67,3374,186
2023-11-07,email,EMAIL_SUMMER24,45.96,858,60
2023-11-08,google,GOOGLE_SUMMER24,135.74,8274,452
2023-11-08,facebook,FACEBOOK_SUMMER24,284.25,7054,449
2023-11-08,instagram,INSTAGRAM_SUMMER24,425.56,8078,565
2023-11-08,email,EMAIL_SUMMER24,208.87,17979,721
2023-11-09,google,GOOGLE_SUMMER24,1060.06,16654,1255
2023-11-09,facebook,FACEBOOK_SUMMER24,29.26,4991,65
2023-11-09,instagram,INSTAGRAM_SUMMER24,71.08,11293,290
2023-11-09,email,EMAIL_SUMMER24,491.04,18457,953
2023-11-10,google,GOOGLE_SUMMER24,351.62,9773,619
2023-11-10,facebook,FACEBOOK_SUMMER24,172.34,12656,258
2023-11-10,instagram,INSTAGRAM_SUMMER24,23.05,895,23
2023-11-10,email,EMAIL_SUMMER24,448.28,18252,723
2023-11-11,google,GOOGLE_SUMMER24,602.93,14314,1046
2023-11-11,facebook,FACEBOOK_SUMMER24,100.87,12492,
2023-11-11,instagram,INSTAGRAM_SUMMER24,355.73,14957,390
2023-11-11,email,EMAIL_SUMMER24,221.11,10855,430
2023-11-12,google,GOOGLE_SUMMER24,102.02,8877,276
2023-11-12,facebook,FACEBOOK_SUMMER24,163.39,2355,140
2023-11-12,instagram,INSTAGRAM_SUMMER24,763.17,10981,643
2023-11-12,email,EMAIL_SUMMER24,209.32,4534,227
2023-11-13,google,GOOGLE_SUMMER24,788.27,17916,678
2023-11-13,facebook,FACEBOOK_SUMMER24,168.44,7538,302
2023-11-13,instagram,INSTAGRAM_SUMMER24,405.69,16716,
2023-11-13,email,EMAIL_SUMMER24,73.49,15858,213
2023-11-14,google,GOOGLE_SUMMER24,257.48,16033,1059
2023-11-14,facebook,FACEBOOK_SUMMER24,60.24,3785,187
2023-11-14,instagram,INSTAGRAM_SUMMER24,140.19,6714,466
2023-11-14,email,EMAIL_SUMMER24,143.78,4866,120
2023-11-15,google,GOOGLE_SUMMER24,686.5,18872,1406
2023-11-15,facebook,FACEBOOK_SUMMER24,594.63,15579,565
2023-11-15,instagram,INSTAGRAM_SUMMER24,395.4,8258,442
2023-11-15,email,EMAIL_SUMMER24,26.81,5110,67
2023-11-16,google,GOOGLE_SUMMER24,5.58,504,7
2023-11-16,facebook,FACEBOOK_SUMMER24,230.76,10112,199
2023-11-16,instagram,INSTAGRAM_SUMMER24,62.06,5393,389
2023-11-16,email,EMAIL_SUMMER24,46.24,3255,107
2023-11-17,google,GOOGLE_SUMMER24,365.19,15001,489
2023-11-17,facebook,FACEBOOK_SUMMER24,22.17,7746,144
2023-11-17,instagram,INSTAGRAM_SUMMER24,147.03,7494,428
2023-11-17,email,EMAIL_SUMMER24,267.63,5433,401
2023-11-18,google,GOOGLE_SUMMER24,691.09,14071,1014
2023-11-18,facebook,FACEBOOK_SUMMER24,112.85,,628
2023-11-18,instagram,INSTAGRAM_SUMMER24,58.26,2215,59
2023-11-18,email,EMAIL_SUMMER24,91.77,10469,203
2023-11-19,google,GOOGLE_SUMMER24,180.27,,624
2023-11-19,facebook,FACEBOOK_SUMMER24,601.05,14732,635
2023-11-19,instagram,INSTAGRAM_SUMMER24,96.25,12665,
2023-11-19,email,EMAIL_SUMMER24,28.18,1811,49
2023-11-20,google,GOOGLE_SUMMER24,970.46,13723,985
2023-11-20,facebook,FACEBOOK_SUMMER24,337.02,15174,435
2023-11-20,instagram,INSTAGRAM_SUMMER24,530.36,7629,600
2023-11-20,email,EMAIL_SUMMER24,1123.16,18249,1086
2023-11-21,google,GOOGLE_SUMMER24,523.51,17083,681
2023-11-21,facebook,FACEBOOK_SUMMER24,499.19,9743,504
2023-11-21,instagram,INSTAGRAM_SUMMER24,129.19,14803,455
2023-11-21,email,EMAIL_SUMMER24,56.81,12984,222
2023-11-22,google,GOOGLE_SUMMER24,272.66,17987,1194
2023-11-22,facebook,FACEBOOK_SUMMER24,,18928,1425
2023-11-22,instagram,INSTAGRAM_SUMMER24,547.17,15259,619
2023-11-22,email,EMAIL_SUMMER24,1377.84,19884,1551
2023-11-23,google,GOOGLE_SUMMER24,176.57,5795,196
2023-11-23,facebook,FACEBOOK_SUMMER24,781.37,17322,1112
2023-11-23,instagram,INSTAGRAM_SUMMER24,214.7,18392,1019
2023-11-23,email,EMAIL_SUMMER24,339.94,13211,614
2023-11-24,google,GOOGLE_SUMMER24,239.67,8869,445
2023-11-24,facebook,FACEBOOK_SUMMER24,1646.59,18079,1411
2023-11-24,instagram,INSTAGRAM_SUMMER24,679.17,14537,844
2023-11-24,email,EMAIL_SUMMER24,75.41,18246,490
2023-11-25,google,GOOGLE_SUMMER24,180.87,13442,890
2023-11-25,facebook,FACEBOOK_SUMMER24,34.39,3241,119
2023-11-25,instagram,INSTAGRAM_SUMMER24,508.62,15233,882
2023-11-25,email,EMAIL_SUMMER24,414.18,13561,441
2023-11-26,google,GOOGLE_SUMMER24,,6140,170
2023-11-26,facebook,FACEBOOK_SUMMER24,536.87,11561,537
2023-11-26,instagram,INSTAGRAM_SUMMER24,48.59,2383,83
2023-11-26,email,EMAIL_SUMMER24,264.81,8911,626
2023-11-27,google,GOOGLE_SUMMER24,104.13,10202,105
2023-11-27,facebook,FACEBOOK_SUMMER24,241.35,18011,1438
2023-11-27,instagram,INSTAGRAM_SUMMER24,71.28,1872,114
2023-11-27,email,EMAIL_SUMMER24,295.35,10274,685
2023-11-28,google,GOOGLE_SUMMER24,71.15,6180,81
2023-11-28,facebook,FACEBOOK_SUMMER24,74.18,7818,94
2023-11-28,instagram,INSTAGRAM_SUMMER24,202.28,19452,211
2023-11-28,email,EMAIL_SUMMER24,1292.59,16385,1159
2023-11-29,google,GOOGLE_SUMMER24,98.12,9437,316
2023-11-29,facebook,FACEBOOK_SUMMER24,203.13,9357,438
2023-11-29,instagram,INSTAGRAM_SUMMER24,537.4,12874,
2023-11-29,email,EMAIL_SUMMER24,406.45,11046,
2023-11-30,google,GOOGLE_SUMMER24,475.08,11535,587
2023-11-30,facebook,FACEBOOK_SUMMER24,8.78,535,11
2023-11-30,instagram,INSTAGRAM_SUMMER24,149.49,1951,128
2023-11-30,email,EMAIL_SUMMER24,75.1,,169
2023-12-01,google,GOOGLE_WELCOME,86.3,10729,222
2023-12-01,facebook,FACEBOOK_WELCOME,295.11,9861,466
2023-12-01,instagram,INSTAGRAM_WELCOME,169.62,10617,155
2023-12-01,email,EMAIL_WELCOME,92.6,5709,137
2023-12-02,google,GOOGLE_WELCOME,1099.67,17539,1248
2023-12-02,facebook,FACEBOOK_WELCOME,147.99,5715,155
2023-12-02,instagram,INSTAGRAM_WELCOME,407.0,12315,746
2023-12-02,email,EMAIL_WELCOME,342.62,16247,495
2023-12-03,google,GOOGLE_WELCOME,7.16,581,21
2023-12-03,facebook,FACEBOOK_WELCOME,140.52,3332,119
2023-12-03,instagram,INSTAGRAM_WELCOME,233.06,15859,759
2023-12-03,email,EMAIL_WELCOME,336.4,11637,575
2023-12-04,google,GOOGLE_WELCOME,91.81,5505,145
2023-12-04,facebook,FACEBOOK_WELCOME,230.57,16968,1293
2023-12-04,instagram,INSTAGRAM_WELCOME,240.45,19282,269
2023-12-04,email,EMAIL_WELCOME,603.13,9436,670
2023-12-05,google,GOOGLE_WELCOME,352.26,18594,551
2023-12-05,facebook,FACEBOOK_WELCOME,285.4,15087,595
2023-12-05,instagram,INSTAGRAM_WELCOME,762.78,18346,877
2023-12-05,email,EMAIL_WELCOME,20.06,2672,92
2023-12-06,google,GOOGLE_WELCOME,454.44,12610,576
2023-12-06,facebook,FACEBOOK_WELCOME,195.03,18520,457
2023-12-06,instagram,INSTAGRAM_WELCOME,374.76,5597,431
2023-12-06,email,EMAIL_WELCOME,103.05,4064,91
2023-12-07,google,GOOGLE_WELCOME,510.8,11435,705
2023-12-07,facebook,FACEBOOK_WELCOME,471.76,18195,848
2023-12-07,instagram,INSTAGRAM_WELCOME,58.17,,327
2023-12-07,email,EMAIL_WELCOME,23.93,1700,120
2023-12-08,google,GOOGLE_WELCOME,538.62,19816,967
2023-12-08,facebook,FACEBOOK_WELCOME,1013.88,17256,973
2023-12-08,instagram,INSTAGRAM_WELCOME,26.03,2014,54
2023-12-08,email,EMAIL_WELCOME,961.39,14058,989
2023-12-09,google,GOOGLE_WELCOME,115.74,12110,706
2023-12-09,facebook,FACEBOOK_WELCOME,352.43,6097,419
2023-12-09,instagram,INSTAGRAM_WELCOME,104.21,1899,109
2023-12-09,email,EMAIL_WELCOME,132.59,3567,166
2023-12-10,google,GOOGLE_WELCOME,131.1,9680,275
2023-12-10,facebook,FACEBOOK_WELCOME,45.03,3001,95
2023-12-10,instagram,INSTAGRAM_WELCOME,273.06,3855,241
2023-12-10,email,EMAIL_WELCOME,316.54,7002,266
2023-12-11,google,GOOGLE_WELCOME,872.19,17992,937
2023-12-11,facebook,FACEBOOK_WELCOME,768.53,15127,720
2023-12-11,instagram,INSTAGRAM_WELCOME,222.22,9249,323
2023-12-11,email,EMAIL_WELCOME,112.02,10115,118
2023-12-12,google,GOOGLE_WELCOME,1118.7,14500,1113
2023-12-12,facebook,FACEBOOK_WELCOME,451.39,10962,477
2023-12-12,instagram,INSTAGRAM_WELCOME,796.19,19580,1490
2023-12-12,email,EMAIL_WELCOME,118.56,5326,300
2023-12-13,google,GOOGLE_WELCOME,128.28,7328,437
2023-12-13,facebook,FACEBOOK_WELCOME,687.54,10471,575
2023-12-13,instagram,INSTAGRAM_WELCOME,96.69,12717,188
2023-12-13,email,EMAIL_WELCOME,98.54,13248,154
2023-12-14,google,GOOGLE_WELCOME,529.75,15931,949
2023-12-14,facebook,FACEBOOK_WELCOME,488.03,12189,586
2023-12-14,instagram,INSTAGRAM_WELCOME,103.77,4265,169
2023-12-14,email,EMAIL_WELCOME,34.33,3020,138
2023-12-15,google,GOOGLE_WELCOME,181.74,9893,716
2023-12-15,facebook,FACEBOOK_WELCOME,650.3,16212,600
2023-12-15,instagram,INSTAGRAM_WELCOME,496.51,16453,1098
2023-12-15,email,EMAIL_WELCOME,98.76,4608,218
2023-12-16,google,GOOGLE_WELCOME,57.22,1439,96
2023-12-16,facebook,FACEBOOK_WELCOME,60.45,1468,73
2023-12-16,instagram,INSTAGRAM_WELCOME,163.14,6680,261
2023-12-16,email,EMAIL_WELCOME,131.93,14061,569
2023-12-17,google,GOOGLE_WELCOME,246.46,8381,246
2023-12-17,facebook,FACEBOOK_WELCOME,79.55,4694,90
2023-12-17,instagram,INSTAGRAM_WELCOME,77.16,2871,209
2023-12-17,email,EMAIL_WELCOME,,14294,631
2023-12-18,google,GOOGLE_WELCOME,76.84,2864,94
2023-12-18,facebook,FACEBOOK_WELCOME,27.15,1381,73
2023-12-18,instagram,INSTAGRAM_WELCOME,599.33,13458,989
2023-12-18,email,EMAIL_WELCOME,21.56,2221,39
2023-12-19,google,GOOGLE_WELCOME,911.7,19099,972
2023-12-19,facebook,FACEBOOK_WELCOME,378.33,11472,400
2023-12-19,instagram,INSTAGRAM_WELCOME,281.85,9108,608
2023-12-19,email,EMAIL_WELCOME,704.04,18442,601
2023-12-20,google,GOOGLE_WELCOME,484.47,7325,499
2023-12-20,facebook,FACEBOOK_WELCOME,209.0,18500,702
2023-12-20,instagram,INSTAGRAM_WELCOME,178.64,10353,443
2023-12-20,email,EMAIL_WELCOME,693.87,12885,788
2023-12-21,google,GOOGLE_WELCOME,35.14,6987,142
2023-12-21,facebook,FACEBOOK_WELCOME,755.23,17442,744
2023-12-21,instagram,INSTAGRAM_WELCOME,53.23,9986,109
2023-12-21,email,EMAIL_WELCOME,33.72,3605,165
2023-12-22,google,GOOGLE_WELCOME,162.5,3773,228
2023-12-22,facebook,FACEBOOK_WELCOME,120.33,3262,106
2023-12-22,instagram,INSTAGRAM_WELCOME,,6097,330
2023-12-22,email,EMAIL_WELCOME,206.14,15445,259
2023-12-23,google,GOOGLE_WELCOME,97.79,4722,156
2023-12-23,facebook,FACEBOOK_WELCOME,6.59,575,11
2023-12-23,instagram,INSTAGRAM_WELCOME,43.92,2862,103
2023-12-23,email,EMAIL_WELCOME,10.55,2229,51
2023-12-24,google,GOOGLE_WELCOME,143.66,11481,846
2023-12-24,facebook,FACEBOOK_WELCOME,58.66,3631,60
2023-12-24,instagram,INSTAGRAM_WELCOME,80.15,10823,165
2023-12-24,email,EMAIL_WELCOME,223.49,13666,542
2023-12-25,google,GOOGLE_WELCOME,26.73,4977,146
2023-12-25,facebook,FACEBOOK_WELCOME,73.63,6535,369
2023-12-25,instagram,INSTAGRAM_WELCOME,37.74,2019,140
2023-12-25,email,EMAIL_WELCOME,128.44,19370,330
2023-12-26,google,GOOGLE_WELCOME,89.81,4325,284
2023-12-26,facebook,FACEBOOK_WELCOME,402.44,13991,805
2023-12-26,instagram,INSTAGRAM_WELCOME,,10263,540
2023-12-26,email,EMAIL_WELCOME,113.74,14570,342
2023-12-27,google,GOOGLE_WELCOME,218.65,8610,349
2023-12-27,facebook,FACEBOOK_WELCOME,186.37,8446,248
2023-12-27,instagram,INSTAGRAM_WELCOME,290.52,8103,283
2023-12-27,email,EMAIL_WELCOME,246.58,13747,494
2023-12-28,google,GOOGLE_WELCOME,551.67,13282,1025
2023-12-28,facebook,FACEBOOK_WELCOME,144.05,14149,553
2023-12-28,instagram,INSTAGRAM_WELCOME,842.26,13748,954
2023-12-28,email,EMAIL_WELCOME,393.88,9373,699
2023-12-29,google,GOOGLE_WELCOME,835.42,18889,956
2023-12-29,facebook,FACEBOOK_WELCOME,476.69,19393,942
2023-12-29,instagram,INSTAGRAM_WELCOME,454.71,13222,589
2023-12-29,email,EMAIL_WELCOME,963.06,15496,1091
2023-12-30,google,GOOGLE_WELCOME,95.52,7859,256
2023-12-30,facebook,FACEBOOK_WELCOME,299.63,14562,396
2023-12-30,instagram,INSTAGRAM_WELCOME,104.96,5320,163
2023-12-30,email,EMAIL_WELCOME,276.76,18403,1198
2023-12-31,google,GOOGLE_WELCOME,150.41,16887,267
2023-12-31,facebook,FACEBOOK_WELCOME,6.97,3396,40
2023-12-31,instagram,INSTAGRAM_WELCOME,897.27,15951,931
2023-12-31,email,EMAIL_WELCOME,1114.07,,963
2024-01-01,google,GOOGLE_SUMMER24,606.54,13168,806
2024-01-01,facebook,FACEBOOK_SUMMER24,677.61,13549,878
2024-01-01,instagram,INSTAGRAM_SUMMER24,627.42,11094,609
2024-01-01,email,EMAIL_SUMMER24,420.76,13233,912
2024-01-02,google,GOOGLE_SUMMER24,159.96,4067,171
2024-01-02,facebook,FACEBOOK_SUMMER24,62.74,10349,111
2024-01-02,instagram,INSTAGRAM_SUMMER24,54.34,4099,93
2024-01-02,email,EMAIL_SUMMER24,112.96,3397,181
2024-01-03,google,GOOGLE_SUMMER24,75.58,7846,198
2024-01-03,facebook,FACEBOOK_SUMMER24,201.06,6064,209
2024-01-03,instagram,INSTAGRAM_SUMMER24,913.36,19101,995
2024-01-03,email,EMAIL_SUMMER24,102.34,8089,235
2024-01-04,google,GOOGLE_SUMMER24,242.71,7221,555
2024-01-04,facebook,FACEBOOK_SUMMER24,518.14,18374,1209
2024-01-04,instagram,INSTAGRAM_SUMMER24,164.37,16675,867
2024-01-04,email,EMAIL_SUMMER24,65.27,13622,146
2024-01-05,google,GOOGLE_SUMMER24,8.11,1316,17
2024-01-05,facebook,FACEBOOK_SUMMER24,260.7,5432,255
2024-01-05,instagram,INSTAGRAM_SUMMER24,1370.35,18335,1465
2024-01-05,email,EMAIL_SUMMER24,232.81,10067,202
2024-01-06,google,GOOGLE_SUMMER24,148.89,11284,351
2024-01-06,facebook,FACEBOOK_SUMMER24,102.97,2947,117
2024-01-06,instagram,INSTAGRAM_SUMMER24,376.37,19888,337
2024-01-06,email,EMAIL_SUMMER24,281.34,3740,261
2024-01-07,google,GOOGLE_SUMMER24,89.28,,188
2024-01-07,facebook,FACEBOOK_SUMMER24,137.83,15702,892
2024-01-07,instagram,INSTAGRAM_SUMMER24,28.07,3392,102
2024-01-07,email,EMAIL_SUMMER24,140.33,10891,213
2024-01-08,google,GOOGLE_SUMMER24,439.46,14791,641
2024-01-08,facebook,FACEBOOK_SUMMER24,74.33,2851,76
2024-01-08,instagram,INSTAGRAM_SUMMER24,127.11,4143,232
2024-01-08,email,EMAIL_SUMMER24,44.82,5472,100
2024-01-09,google,GOOGLE_SUMMER24,59.15,11494,290
2024-01-09,facebook,FACEBOOK_SUMMER24,139.98,13231,193
2024-01-09,instagram,INSTAGRAM_SUMMER24,263.97,6250,393
2024-01-09,email,EMAIL_SUMMER24,334.57,12404,369
2024-01-10,google,GOOGLE_SUMMER24,492.02,9541,443
2024-01-10,facebook,FACEBOOK_SUMMER24,1174.45,19184,1510
2024-01-10,instagram,INSTAGRAM_SUMMER24,241.66,11665,469
2024-01-10,email,EMAIL_SUMMER24,158.43,17043,523
2024-01-11,google,GOOGLE_SUMMER24,184.96,15431,322
2024-01-11,facebook,FACEBOOK_SUMMER24,52.27,8986,330
2024-01-11,instagram,INSTAGRAM_SUMMER24,64.45,9493,168
2024-01-11,email,EMAIL_SUMMER24,425.41,14294,1004
2024-01-12,google,GOOGLE_SUMMER24,42.24,3862,275
2024-01-12,facebook,FACEBOOK_SUMMER24,163.9,2433,138
2024-01-12,instagram,INSTAGRAM_SUMMER24,30.64,5111,53
2024-01-12,email,EMAIL_SUMMER24,34.2,5786,114
2024-01-13,google,GOOGLE_SUMMER24,28.36,931,44
2024-01-13,facebook,FACEBOOK_SUMMER24,188.32,19867,1026
2024-01-13,instagram,INSTAGRAM_SUMMER24,383.17,9281,386
2024-01-13,email,EMAIL_SUMMER24,166.14,4283,323
2024-01-14,google,GOOGLE_SUMMER24,214.1,6864,221
2024-01-14,facebook,FACEBOOK_SUMMER24,,17887,920
2024-01-14,instagram,INSTAGRAM_SUMMER24,693.23,12276,944
2024-01-14,email,EMAIL_SUMMER24,19.37,1457,27
2024-01-15,google,GOOGLE_SUMMER24,656.37,9927,731
2024-01-15,facebook,FACEBOOK_SUMMER24,206.51,4636,301
2024-01-15,instagram,INSTAGRAM_SUMMER24,768.13,15885,776
2024-01-15,email,EMAIL_SUMMER24,30.47,1693,37
2024-01-16,google,GOOGLE_SUMMER24,171.38,13132,335
2024-01-16,facebook,FACEBOOK_SUMMER24,29.15,1317,75
2024-01-16,instagram,INSTAGRAM_SUMMER24,79.31,3689,94
2024-01-16,email,EMAIL_SUMMER24,322.39,8349,563
2024-01-17,google,GOOGLE_SUMMER24,948.55,11089,854
2024-01-17,facebook,FACEBOOK_SUMMER24,24.76,1183,56
2024-01-17,instagram,INSTAGRAM_SUMMER24,145.73,14587,724
2024-01-17,email,EMAIL_SUMMER24,399.76,18300,732
2024-01-18,google,GOOGLE_SUMMER24,207.67,8383,220
2024-01-18,facebook,FACEBOOK_SUMMER24,128.14,10931,219
2024-01-18,instagram,INSTAGRAM_SUMMER24,383.68,10292,526
2024-01-18,email,EMAIL_SUMMER24,207.26,9686,228
2024-01-19,google,GOOGLE_SUMMER24,193.54,13534,415
2024-01-19,facebook,FACEBOOK_SUMMER24,734.59,11087,733
2024-01-19,instagram,INSTAGRAM_SUMMER24,124.14,,373
2024-01-19,email,EMAIL_SUMMER24,36.7,3121,130
2024-01-20,google,GOOGLE_SUMMER24,348.28,13552,705
2024-01-20,facebook,FACEBOOK_SUMMER24,815.68,19667,1474
2024-01-20,instagram,INSTAGRAM_SUMMER24,91.89,5813,171
2024-01-20,email,EMAIL_SUMMER24,140.85,5231,279
2024-01-21,google,GOOGLE_SUMMER24,74.33,3205,104
2024-01-21,facebook,FACEBOOK_SUMMER24,112.15,9659,110
2024-01-21,instagram,INSTAGRAM_SUMMER24,36.09,3470,142
2024-01-21,email,EMAIL_SUMMER24,13.52,4793,56
2024-01-22,google,GOOGLE_SUMMER24,62.03,4406,154
2024-01-22,facebook,FACEBOOK_SUMMER24,1154.16,16059,1125
2024-01-22,instagram,INSTAGRAM_SUMMER24,34.09,1581,123
2024-01-22,email,EMAIL_SUMMER24,,17920,1157
2024-01-23,google,GOOGLE_SUMMER24,198.64,19670,263
2024-01-23,facebook,FACEBOOK_SUMMER24,206.49,16536,864
2024-01-23,instagram,INSTAGRAM_SUMMER24,651.75,19563,1083
2024-01-23,email,EMAIL_SUMMER24,124.23,9700,572
2024-01-24,google,GOOGLE_SUMMER24,26.54,580,35
2024-01-24,facebook,FACEBOOK_SUMMER24,330.32,9860,646
2024-01-24,instagram,INSTAGRAM_SUMMER24,206.69,3214,248
2024-01-24,email,EMAIL_SUMMER24,48.02,2972,88
2024-01-25,google,GOOGLE_SUMMER24,16.18,921,59
2024-01-25,facebook,FACEBOOK_SUMMER24,248.39,3921,291
2024-01-25,instagram,INSTAGRAM_SUMMER24,250.8,14525,490
2024-01-25,email,EMAIL_SUMMER24,48.65,2692,50
2024-01-26,google,GOOGLE_SUMMER24,99.28,11023,478
2024-01-26,facebook,FACEBOOK_SUMMER24,23.83,5607,107
2024-01-26,instagram,INSTAGRAM_SUMMER24,141.05,14976,174
2024-01-26,email,EMAIL_SUMMER24,87.68,4939,101
2024-01-27,google,GOOGLE_SUMMER24,149.61,5023,183
2024-01-27,facebook,FACEBOOK_SUMMER24,135.65,7730,570
2024-01-27,instagram,INSTAGRAM_SUMMER24,17.04,1206,15
2024-01-27,email,EMAIL_SUMMER24,304.49,8549,426
2024-01-28,google,GOOGLE_SUMMER24,29.58,2896,70
2024-01-28,facebook,FACEBOOK_SUMMER24,174.97,12955,474
2024-01-28,instagram,INSTAGRAM_SUMMER24,129.68,8949,154
2024-01-28,email,EMAIL_SUMMER24,340.01,19181,287
2024-01-29,google,GOOGLE_SUMMER24,26.31,3588,60
2024-01-29,facebook,FACEBOOK_SUMMER24,194.65,5863,346
2024-01-29,instagram,INSTAGRAM_SUMMER24,294.41,7719,548
2024-01-29,email,EMAIL_SUMMER24,314.47,10852,824
2024-01-30,google,GOOGLE_SUMMER24,341.56,12474,712
2024-01-30,facebook,FACEBOOK_SUMMER24,291.23,9025,424
2024-01-30,instagram,INSTAGRAM_SUMMER24,314.09,19431,586
2024-01-30,email,EMAIL_SUMMER24,65.4,10818,112
2024-01-31,google,GOOGLE_SUMMER24,1418.72,17992,1349
2024-01-31,facebook,FACEBOOK_SUMMER24,310.19,4641,290
2024-01-31,instagram,INSTAGRAM_SUMMER24,514.89,10971,648
2024-01-31,email,EMAIL_SUMMER24,149.1,9324,658
2024-02-01,google,GOOGLE_WELCOME,319.45,12665,925
2024-02-01,facebook,FACEBOOK_WELCOME,1276.99,18525,1461
2024-02-01,instagram,INSTAGRAM_WELCOME,854.89,9900,730
2024-02-01,email,EMAIL_WELCOME,160.72,12741,231
2024-02-02,google,GOOGLE_WELCOME,314.96,8042,446
2024-02-02,facebook,FACEBOOK_WELCOME,118.16,5219,335
2024-02-02,instagram,INSTAGRAM_WELCOME,486.93,19092,1124
2024-02-02,email,EMAIL_WELCOME,58.19,15090,163
2024-02-03,google,GOOGLE_WELCOME,108.04,17546,699
2024-02-03,facebook,FACEBOOK_WELCOME,74.53,5465,65
2024-02-03,instagram,INSTAGRAM_WELCOME,196.49,10074,455
2024-02-03,email,EMAIL_WELCOME,528.27,18297,443
2024-02-04,google,GOOGLE_WELCOME,146.92,12985,150
2024-02-04,facebook,FACEBOOK_WELCOME,573.86,13786,
2024-02-04,instagram,INSTAGRAM_WELCOME,261.99,11495,630
2024-02-04,email,EMAIL_WELCOME,66.34,4860,56
2024-02-05,google,GOOGLE_WELCOME,13.54,2203,39
2024-02-05,facebook,FACEBOOK_WELCOME,773.65,18978,1425
2024-02-05,instagram,INSTAGRAM_WELCOME,26.41,3037,53
2024-02-05,email,EMAIL_WELCOME,1169.91,17886,1074
2024-02-06,google,GOOGLE_WELCOME,819.43,17667,1084
2024-02-06,facebook,FACEBOOK_WELCOME,8.37,2732,39
2024-02-06,instagram,INSTAGRAM_WELCOME,505.45,17177,580
2024-02-06,email,EMAIL_WELCOME,93.57,3876,113
2024-02-07,google,GOOGLE_WELCOME,,2136,50
2024-02-07,facebook,FACEBOOK_WELCOME,247.9,10912,400
2024-02-07,instagram,INSTAGRAM_WELCOME,30.33,1682,27
2024-02-07,email,EMAIL_WELCOME,116.42,3865,148
2024-02-08,google,GOOGLE_WELCOME,40.88,3869,156
2024-02-08,facebook,FACEBOOK_WELCOME,367.26,17452,1368
2024-02-08,instagram,INSTAGRAM_WELCOME,478.85,14870,519
2024-02-08,email,EMAIL_WELCOME,22.09,2651,114
2024-02-09,google,GOOGLE_WELCOME,154.64,18073,443
2024-02-09,facebook,FACEBOOK_WELCOME,419.6,14327,471
2024-02-09,instagram,INSTAGRAM_WELCOME,335.45,8608,434
2024-02-09,email,EMAIL_WELCOME,190.22,13613,764
2024-02-10,google,GOOGLE_WELCOME,13.91,1919,28
2024-02-10,facebook,FACEBOOK_WELCOME,315.73,16388,
2024-02-10,instagram,INSTAGRAM_WELCOME,185.5,17389,588
2024-02-10,email,EMAIL_WELCOME,752.26,14590,751
2024-02-11,google,GOOGLE_WELCOME,14.95,2506,53
2024-02-11,facebook,FACEBOOK_WELCOME,61.33,8316,
2024-02-11,instagram,INSTAGRAM_WELCOME,398.9,,1418
2024-02-11,email,EMAIL_WELCOME,344.1,7832,382
2024-02-12,google,GOOGLE_WELCOME,1317.48,15438,1148
2024-02-12,facebook,FACEBOOK_WELCOME,143.99,5094,164
2024-02-12,instagram,INSTAGRAM_WELCOME,7.29,535,34
2024-02-12,email,EMAIL_WELCOME,136.76,5138,309
2024-02-13,google,GOOGLE_WELCOME,63.12,2198,75
2024-02-13,facebook,FACEBOOK_WELCOME,210.4,15889,263
2024-02-13,instagram,INSTAGRAM_WELCOME,194.23,4442,255
2024-02-13,email,EMAIL_WELCOME,288.9,14737,508
2024-02-14,google,GOOGLE_WELCOME,237.75,12874,
2024-02-14,facebook,FACEBOOK_WELCOME,292.31,12514,258
2024-02-14,instagram,INSTAGRAM_WELCOME,397.97,12947,747
2024-02-14,email,EMAIL_WELCOME,29.6,6473,122
2024-02-15,google,GOOGLE_WELCOME,20.67,935,39
2024-02-15,facebook,FACEBOOK_WELCOME,137.9,4236,141
2024-02-15,instagram,INSTAGRAM_WELCOME,26.61,1717,106
2024-02-15,email,EMAIL_WELCOME,102.55,14231,151
2024-02-16,google,GOOGLE_WELCOME,432.4,7346,417
2024-02-16,facebook,FACEBOOK_WELCOME,82.53,7161,182
2024-02-16,instagram,INSTAGRAM_WELCOME,46.85,3424,178
2024-02-16,email,EMAIL_WELCOME,377.53,8762,323
2024-02-17,google,GOOGLE_WELCOME,792.84,13192,919
2024-02-17,facebook,FACEBOOK_WELCOME,305.15,3502,266
2024-02-17,instagram,INSTAGRAM_WELCOME,174.98,12455,252
2024-02-17,email,EMAIL_WELCOME,1728.43,19906,
2024-02-18,google,GOOGLE_WELCOME,86.61,1626,94
2024-02-18,facebook,FACEBOOK_WELCOME,28.9,,34
2024-02-18,instagram,INSTAGRAM_WELCOME,31.8,1289,63
2024-02-18,email,EMAIL_WELCOME,379.77,13628,1046
2024-02-19,google,GOOGLE_WELCOME,156.84,8183,265
2024-02-19,facebook,FACEBOOK_WELCOME,115.36,7078,473
2024-02-19,instagram,INSTAGRAM_WELCOME,919.39,17746,1197
2024-02-19,email,EMAIL_WELCOME,19.48,616,41
2024-02-20,google,GOOGLE_WELCOME,310.35,8057,270
2024-02-20,facebook,FACEBOOK_WELCOME,69.66,6388,343
2024-02-20,instagram,INSTAGRAM_WELCOME,246.38,7729,419
2024-02-20,email,EMAIL_WELCOME,234.57,17991,1333
2024-02-21,google,GOOGLE_WELCOME,348.45,14560,675
2024-02-21,facebook,FACEBOOK_WELCOME,1330.38,15536,1127
2024-02-21,instagram,INSTAGRAM_WELCOME,118.28,7718,116
2024-02-21,email,EMAIL_WELCOME,1209.01,,1409
2024-02-22,google,GOOGLE_WELCOME,988.97,16792,1260
2024-02-22,facebook,FACEBOOK_WELCOME,268.39,18774,955
2024-02-22,instagram,INSTAGRAM_WELCOME,1179.59,16044,1282
2024-02-22,email,EMAIL_WELCOME,551.22,13788,921
2024-02-23,google,GOOGLE_WELCOME,270.27,13545,960
2024-02-23,facebook,FACEBOOK_WELCOME,232.45,8239,331
2024-02-23,instagram,INSTAGRAM_WELCOME,937.43,13492,965
2024-02-23,email,EMAIL_WELCOME,78.5,5707,130
2024-02-24,google,GOOGLE_WELCOME,400.53,19173,1130
2024-02-24,facebook,FACEBOOK_WELCOME,176.86,11145,243
2024-02-24,instagram,INSTAGRAM_WELCOME,16.72,522,22
2024-02-24,email,EMAIL_WELCOME,129.38,4942,161
2024-02-25,google,GOOGLE_WELCOME,108.0,16753,613
2024-02-25,facebook,FACEBOOK_WELCOME,37.97,17939,210
2024-02-25,instagram,INSTAGRAM_WELCOME,77.86,4589,294
2024-02-25,email,EMAIL_WELCOME,101.46,19594,454
2024-02-26,google,GOOGLE_WELCOME,441.73,12050,852
2024-02-26,facebook,FACEBOOK_WELCOME,138.35,4240,292
2024-02-26,instagram,INSTAGRAM_WELCOME,14.89,1928,19
2024-02-26,email,EMAIL_WELCOME,995.01,17632,1346
2024-02-27,google,GOOGLE_WELCOME,94.01,2131,
2024-02-27,facebook,FACEBOOK_WELCOME,71.94,3831,234
2024-02-27,instagram,INSTAGRAM_WELCOME,24.38,1683,74
2024-02-27,email,EMAIL_WELCOME,81.99,11792,241
2024-02-28,google,GOOGLE_WELCOME,39.78,4401,239
2024-02-28,facebook,FACEBOOK_WELCOME,157.31,16834,921
2024-02-28,instagram,INSTAGRAM_WELCOME,432.9,13112,728
2024-02-28,email,EMAIL_WELCOME,350.66,8338,357
2024-02-29,google,GOOGLE_WELCOME,485.49,11203,500
2024-02-29,facebook,FACEBOOK_WELCOME,1175.31,13313,1014
2024-02-29,instagram,INSTAGRAM_WELCOME,423.28,16754,467
2024-02-29,email,EMAIL_WELCOME,156.44,10459,289
2024-03-01,google,GOOGLE_RETARGET,1243.2,14561,1059
2024-03-01,facebook,FACEBOOK_RETARGET,387.05,17346,414
2024-03-01,instagram,INSTAGRAM_RETARGET,504.3,7992,449
2024-03-01,email,EMAIL_RETARGET,363.44,14147,965
2024-03-02,google,GOOGLE_RETARGET,183.35,8375,174
2024-03-02,facebook,FACEBOOK_RETARGET,52.62,649,48
2024-03-02,instagram,INSTAGRAM_RETARGET,702.04,13886,888
2024-03-02,email,EMAIL_RETARGET,550.97,8490,602
2024-03-03,google,GOOGLE_RETARGET,50.42,1537,53
2024-03-03,facebook,FACEBOOK_RETARGET,55.98,1544,79
2024-03-03,instagram,INSTAGRAM_RETARGET,40.44,2175,91
2024-03-03,email,EMAIL_RETARGET,160.84,19084,251
2024-03-04,google,GOOGLE_RETARGET,518.59,19842,635
2024-03-04,facebook,FACEBOOK_RETARGET,19.07,656,17
2024-03-04,instagram,INSTAGRAM_RETARGET,40.36,12006,
2024-03-04,email,EMAIL_RETARGET,46.82,11755,136
2024-03-05,google,GOOGLE_RETARGET,32.5,2621,51
2024-03-05,facebook,FACEBOOK_RETARGET,515.03,8119,549
2024-03-05,instagram,INSTAGRAM_RETARGET,184.05,3077,202
2024-03-05,email,EMAIL_RETARGET,278.07,19377,233
2024-03-06,google,GOOGLE_RETARGET,113.29,9157,187
2024-03-06,facebook,FACEBOOK_RETARGET,42.57,11770,209
2024-03-06,instagram,INSTAGRAM_RETARGET,209.34,11971,411
2024-03-06,email,EMAIL_RETARGET,122.81,1842,121
2024-03-07,google,GOOGLE_RETARGET,145.9,3068,133
2024-03-07,facebook,FACEBOOK_RETARGET,395.79,7706,448
2024-03-07,instagram,INSTAGRAM_RETARGET,743.12,18319,1267
2024-03-07,email,EMAIL_RETARGET,299.62,5100,352
2024-03-08,google,GOOGLE_RETARGET,158.41,5965,377
2024-03-08,facebook,FACEBOOK_RETARGET,287.05,8939,418
2024-03-08,instagram,INSTAGRAM_RETARGET,224.69,19805,1059
2024-03-08,email,EMAIL_RETARGET,98.45,8380,95
2024-03-09,google,GOOGLE_RETARGET,1044.75,14781,918
2024-03-09,facebook,FACEBOOK_RETARGET,1055.66,19838,948
2024-03-09,instagram,INSTAGRAM_RETARGET,384.69,14941,387
2024-03-09,email,EMAIL_RETARGET,384.92,8008,544
2024-03-10,google,GOOGLE_RETARGET,200.39,11777,818
2024-03-10,facebook,FACEBOOK_RETARGET,171.6,8439,321
2024-03-10,instagram,INSTAGRAM_RETARGET,60.21,8283,144
2024-03-10,email,EMAIL_RETARGET,286.02,15788,362
2024-03-11,google,GOOGLE_RETARGET,187.86,9846,531
2024-03-11,facebook,FACEBOOK_RETARGET,303.74,10302,282
2024-03-11,instagram,INSTAGRAM_RETARGET,105.9,1749,101
2024-03-11,email,EMAIL_RETARGET,75.19,4012,130
2024-03-12,google,GOOGLE_RETARGET,463.12,15825,828
2024-03-12,facebook,FACEBOOK_RETARGET,121.85,15308,381
2024-03-12,instagram,INSTAGRAM_RETARGET,183.54,3232,200
2024-03-12,email,EMAIL_RETARGET,78.02,3709,191
2024-03-13,google,GOOGLE_RETARGET,266.43,7637,439
2024-03-13,facebook,FACEBOOK_RETARGET,,19009,873
2024-03-13,instagram,INSTAGRAM_RETARGET,1276.18,19992,1236
2024-03-13,email,EMAIL_RETARGET,49.07,,305
2024-03-14,google,GOOGLE_RETARGET,555.33,12862,797
2024-03-14,facebook,FACEBOOK_RETARGET,220.48,7481,464
2024-03-14,instagram,INSTAGRAM_RETARGET,612.29,16982,645
2024-03-14,email,EMAIL_RETARGET,36.19,778,40
2024-03-15,google,GOOGLE_RETARGET,81.34,11902,366
2024-03-15,facebook,FACEBOOK_RETARGET,162.82,18250,827
2024-03-15,instagram,INSTAGRAM_RETARGET,66.9,15127,333
2024-03-15,email,EMAIL_RETARGET,130.82,,181
2024-03-16,google,GOOGLE_RETARGET,396.33,18420,402
2024-03-16,facebook,FACEBOOK_RETARGET,184.84,3016,216
2024-03-16,instagram,INSTAGRAM_RETARGET,48.48,7783,304
2024-03-16,email,EMAIL_RETARGET,1187.95,16192,1284
2024-03-17,google,GOOGLE_RETARGET,349.7,10535,583
2024-03-17,facebook,FACEBOOK_RETARGET,79.48,3147,88
2024-03-17,instagram,INSTAGRAM_RETARGET,112.18,15466,278
2024-03-17,email,EMAIL_RETARGET,600.07,17969,1233
2024-03-18,google,GOOGLE_RETARGET,215.25,3151,200
2024-03-18,facebook,FACEBOOK_RETARGET,417.52,10459,369
2024-03-18,instagram,INSTAGRAM_RETARGET,401.48,11776,396
2024-03-18,email,EMAIL_RETARGET,308.56,8243,335
2024-03-19,google,GOOGLE_RETARGET,196.97,16899,660
2024-03-19,facebook,FACEBOOK_RETARGET,288.81,4906,303
2024-03-19,instagram,INSTAGRAM_RETARGET,31.45,1327,47
2024-03-19,email,EMAIL_RETARGET,346.23,17695,768
2024-03-20,google,GOOGLE_RETARGET,653.95,9959,564
2024-03-20,facebook,FACEBOOK_RETARGET,101.84,6264,279
2024-03-20,instagram,INSTAGRAM_RETARGET,110.34,2846,188
2024-03-20,email,EMAIL_RETARGET,63.98,3851,139
2024-03-21,google,GOOGLE_RETARGET,391.73,14311,350
2024-03-21,facebook,FACEBOOK_RETARGET,459.74,10762,391
2024-03-21,instagram,INSTAGRAM_RETARGET,21.86,1215,30
2024-03-21,email,EMAIL_RETARGET,401.45,18236,463
2024-03-22,google,GOOGLE_RETARGET,147.32,3080,195
2024-03-22,facebook,FACEBOOK_RETARGET,295.72,19959,358
2024-03-22,instagram,INSTAGRAM_RETARGET,45.24,7809,231
2024-03-22,email,EMAIL_RETARGET,62.55,5256,265
2024-03-23,google,GOOGLE_RETARGET,106.72,16222,303
2024-03-23,facebook,FACEBOOK_RETARGET,787.57,13622,757
2024-03-23,instagram,INSTAGRAM_RETARGET,1005.83,17560,982
2024-03-23,email,EMAIL_RETARGET,84.48,2363,75
2024-03-24,google,GOOGLE_RETARGET,1257.41,18400,1283
2024-03-24,facebook,FACEBOOK_RETARGET,840.13,18617,
2024-03-24,instagram,INSTAGRAM_RETARGET,109.0,3022,134
2024-03-24,email,EMAIL_RETARGET,242.21,13816,971
2024-03-25,google,GOOGLE_RETARGET,656.26,15605,1227
2024-03-25,facebook,FACEBOOK_RETARGET,187.92,14079,242
2024-03-25,instagram,INSTAGRAM_RETARGET,192.68,17117,256
2024-03-25,email,EMAIL_RETARGET,1187.39,19832,1098
2024-03-26,google,GOOGLE_RETARGET,13.23,2051,36
2024-03-26,facebook,FACEBOOK_RETARGET,564.47,16679,573
2024-03-26,instagram,INSTAGRAM_RETARGET,74.95,6872,271
2024-03-26,email,EMAIL_RETARGET,444.54,17764,587
2024-03-27,google,GOOGLE_RETARGET,53.94,2344,63
2024-03-27,facebook,FACEBOOK_RETARGET,262.56,11408,516
2024-03-27,instagram,INSTAGRAM_RETARGET,973.33,19701,952
2024-03-27,email,EMAIL_RETARGET,124.42,7637,399
2024-03-28,google,GOOGLE_RETARGET,70.19,3968,161
2024-03-28,facebook,FACEBOOK_RETARGET,295.82,18773,1344
2024-03-28,instagram,INSTAGRAM_RETARGET,638.74,8825,602
2024-03-28,email,EMAIL_RETARGET,221.23,6470,384
2024-03-29,google,GOOGLE_RETARGET,524.33,19225,997
2024-03-29,facebook,FACEBOOK_RETARGET,70.08,8747,282
2024-03-29,instagram,INSTAGRAM_RETARGET,55.5,784,56
2024-03-29,email,EMAIL_RETARGET,66.61,2011,111
2024-03-30,google,GOOGLE_RETARGET,625.37,18141,771
2024-03-30,facebook,FACEBOOK_RETARGET,234.56,6261,370
2024-03-30,instagram,INSTAGRAM_RETARGET,95.03,3545,139
2024-03-30,email,EMAIL_RETARGET,223.89,15916,373
2024-03-31,google,GOOGLE_RETARGET,551.48,7917,470
2024-03-31,facebook,FACEBOOK_RETARGET,311.54,6124,338
2024-03-31,instagram,INSTAGRAM_RETARGET,114.7,8021,535
2024-03-31,email,EMAIL_RETARGET,514.44,14717,469
2024-04-01,google,GOOGLE_BRAND,105.49,10658,323
2024-04-01,facebook,FACEBOOK_BRAND,269.94,5588,317
2024-04-01,instagram,INSTAGRAM_BRAND,102.31,12553,131
2024-04-01,email,EMAIL_BRAND,58.13,3477,63
2024-04-02,google,GOOGLE_BRAND,99.28,9477,100
2024-04-02,facebook,FACEBOOK_BRAND,211.66,18166,970
2024-04-02,instagram,INSTAGRAM_BRAND,74.15,4898,151
2024-04-02,email,EMAIL_BRAND,54.03,6368,235
2024-04-03,google,GOOGLE_BRAND,110.21,7041,227
2024-04-03,facebook,FACEBOOK_BRAND,88.91,6248,77
2024-04-03,instagram,INSTAGRAM_BRAND,1327.21,19606,1107
2024-04-03,email,EMAIL_BRAND,117.77,8158,213
2024-04-04,google,GOOGLE_BRAND,415.44,18252,1182
2024-04-04,facebook,FACEBOOK_BRAND,165.61,10512,198
2024-04-04,instagram,INSTAGRAM_BRAND,100.34,6322,289
2024-04-04,email,EMAIL_BRAND,325.79,17453,832
2024-04-05,google,GOOGLE_BRAND,714.57,17762,651
2024-04-05,facebook,FACEBOOK_BRAND,276.31,12361,826
2024-04-05,instagram,INSTAGRAM_BRAND,121.55,4876,238
2024-04-05,email,EMAIL_BRAND,31.4,1211,61
2024-04-06,google,GOOGLE_BRAND,1392.49,17639,1172
2024-04-06,facebook,FACEBOOK_BRAND,12.56,770,21
2024-04-06,instagram,INSTAGRAM_BRAND,215.55,11207,276
2024-04-06,email,EMAIL_BRAND,374.25,,377
2024-04-07,google,GOOGLE_BRAND,196.15,19790,669
2024-04-07,facebook,FACEBOOK_BRAND,480.17,9832,607
2024-04-07,instagram,INSTAGRAM_BRAND,433.08,14580,605
2024-04-07,email,EMAIL_BRAND,174.69,3989,167
2024-04-08,google,GOOGLE_BRAND,178.72,14696,747
2024-04-08,facebook,FACEBOOK_BRAND,39.44,1362,105
2024-04-08,instagram,INSTAGRAM_BRAND,146.07,15181,260
2024-04-08,email,EMAIL_BRAND,6.22,501,27
2024-04-09,google,GOOGLE_BRAND,113.27,3643,134
2024-04-09,facebook,FACEBOOK_BRAND,79.09,7198,215
2024-04-09,instagram,INSTAGRAM_BRAND,366.09,14752,741
2024-04-09,email,EMAIL_BRAND,55.33,1045,57
2024-04-10,google,GOOGLE_BRAND,167.22,8014,351
2024-04-10,facebook,FACEBOOK_BRAND,251.64,6330,415
2024-04-10,instagram,INSTAGRAM_BRAND,210.44,11350,750
2024-04-10,email,EMAIL_BRAND,425.94,8387,400
2024-04-11,google,GOOGLE_BRAND,425.36,12833,913
2024-04-11,facebook,FACEBOOK_BRAND,180.76,8671,400
2024-04-11,instagram,INSTAGRAM_BRAND,44.46,2196,125
2024-04-11,email,EMAIL_BRAND,8.64,3271,37
2024-04-12,google,GOOGLE_BRAND,180.43,,181
2024-04-12,facebook,FACEBOOK_BRAND,363.63,17005,1193
2024-04-12,instagram,INSTAGRAM_BRAND,416.4,17676,642
2024-04-12,email,EMAIL_BRAND,155.16,2191,166
2024-04-13,google,GOOGLE_BRAND,331.72,8959,342
2024-04-13,facebook,FACEBOOK_BRAND,160.44,3939,187
2024-04-13,instagram,INSTAGRAM_BRAND,208.75,14317,232
2024-04-13,email,EMAIL_BRAND,153.02,4564,328
2024-04-14,google,GOOGLE_BRAND,382.9,6170,353
2024-04-14,facebook,FACEBOOK_BRAND,432.86,10761,632
2024-04-14,instagram,INSTAGRAM_BRAND,473.18,16503,1105
2024-04-14,email,EMAIL_BRAND,454.58,9433,546
2024-04-15,google,GOOGLE_BRAND,267.5,5033,257
2024-04-15,facebook,FACEBOOK_BRAND,105.11,1401,108
2024-04-15,instagram,INSTAGRAM_BRAND,121.49,9720,114
2024-04-15,email,EMAIL_BRAND,146.78,12122,189
2024-04-16,google,GOOGLE_BRAND,846.01,15939,1014
2024-04-16,facebook,FACEBOOK_BRAND,16.9,1559,85
2024-04-16,instagram,INSTAGRAM_BRAND,438.8,12709,481
2024-04-16,email,EMAIL_BRAND,375.99,11752,318
2024-04-17,google,GOOGLE_BRAND,98.4,8560,290
2024-04-17,facebook,FACEBOOK_BRAND,934.79,14584,
2024-04-17,instagram,INSTAGRAM_BRAND,8.66,1706,48
2024-04-17,email,EMAIL_BRAND,437.1,8545,572
2024-04-18,google,GOOGLE_BRAND,152.58,3077,160
2024-04-18,facebook,FACEBOOK_BRAND,207.11,10800,859
2024-04-18,instagram,INSTAGRAM_BRAND,435.23,15174,988
2024-04-18,email,EMAIL_BRAND,149.59,15202,604
2024-04-19,google,GOOGLE_BRAND,8.88,501,14
2024-04-19,facebook,FACEBOOK_BRAND,192.22,13063,631
2024-04-19,instagram,INSTAGRAM_BRAND,566.06,,481
2024-04-19,email,EMAIL_BRAND,25.46,2721,79
2024-04-20,google,GOOGLE_BRAND,768.52,19317,1145
2024-04-20,facebook,FACEBOOK_BRAND,753.63,16267,937
2024-04-20,instagram,INSTAGRAM_BRAND,29.79,2295,79
2024-04-20,email,EMAIL_BRAND,547.47,16377,516
2024-04-21,google,GOOGLE_BRAND,636.19,15369,942
2024-04-21,facebook,FACEBOOK_BRAND,23.2,4700,47
2024-04-21,instagram,INSTAGRAM_BRAND,170.77,5955,441
2024-04-21,email,EMAIL_BRAND,141.2,3189,151
2024-04-22,google,GOOGLE_BRAND,182.71,16782,730
2024-04-22,facebook,FACEBOOK_BRAND,155.28,17063,976
2024-04-22,instagram,INSTAGRAM_BRAND,647.23,14210,910
2024-04-22,email,EMAIL_BRAND,609.12,17776,1143
2024-04-23,google,GOOGLE_BRAND,307.03,11243,382
2024-04-23,facebook,FACEBOOK_BRAND,258.5,2989,221
2024-04-23,instagram,INSTAGRAM_BRAND,1409.5,17500,1203
2024-04-23,email,EMAIL_BRAND,57.8,6326,158
2024-04-24,google,GOOGLE_BRAND,342.12,19241,315
2024-04-24,facebook,FACEBOOK_BRAND,109.91,17961,261
2024-04-24,instagram,INSTAGRAM_BRAND,61.71,6170,196
2024-04-24,email,EMAIL_BRAND,687.0,8435,661
2024-04-25,google,GOOGLE_BRAND,36.87,2574,118
2024-04-25,facebook,FACEBOOK_BRAND,149.88,10190,618
2024-04-25,instagram,INSTAGRAM_BRAND,60.56,12376,293
2024-04-25,email,EMAIL_BRAND,202.24,10569,325
2024-04-26,google,GOOGLE_BRAND,117.98,2054,109
2024-04-26,facebook,FACEBOOK_BRAND,200.84,10751,348
2024-04-26,instagram,INSTAGRAM_BRAND,371.75,10508,344
2024-04-26,email,EMAIL_BRAND,193.27,19866,335
2024-04-27,google,GOOGLE_BRAND,35.88,5503,76
2024-04-27,facebook,FACEBOOK_BRAND,51.49,3874,44
2024-04-27,instagram,INSTAGRAM_BRAND,187.45,12969,756
2024-04-27,email,EMAIL_BRAND,307.86,17750,968
2024-04-28,google,GOOGLE_BRAND,364.54,18048,359
2024-04-28,facebook,FACEBOOK_BRAND,482.12,16858,588
2024-04-28,instagram,INSTAGRAM_BRAND,1421.98,19127,1234
2024-04-28,email,EMAIL_BRAND,1136.07,,1271
2024-04-29,google,GOOGLE_BRAND,232.52,5059,285
2024-04-29,facebook,FACEBOOK_BRAND,217.92,4743,299
2024-04-29,instagram,INSTAGRAM_BRAND,15.73,1499,19
2024-04-29,email,EMAIL_BRAND,426.8,16665,1024
2024-04-30,google,GOOGLE_BRAND,96.77,11957,193
2024-04-30,facebook,FACEBOOK_BRAND,1232.29,17268,1241
2024-04-30,instagram,INSTAGRAM_BRAND,657.57,17408,660
2024-04-30,email,EMAIL_BRAND,107.87,6461,183
2024-05-01,google,GOOGLE_SPRING24,668.12,15283,1174
2024-05-01,facebook,FACEBOOK_SPRING24,240.5,19491,226
2024-05-01,instagram,INSTAGRAM_SPRING24,531.78,11329,458
2024-05-01,email,EMAIL_SPRING24,317.46,11288,608
2024-05-02,google,GOOGLE_SPRING24,559.75,17894,816
2024-05-02,facebook,FACEBOOK_SPRING24,69.85,8287,125
2024-05-02,instagram,INSTAGRAM_SPRING24,60.27,5023,346
2024-05-02,email,EMAIL_SPRING24,53.3,6841,334
2024-05-03,google,GOOGLE_SPRING24,258.85,,1108
2024-05-03,facebook,FACEBOOK_SPRING24,228.45,7293,241
2024-05-03,instagram,INSTAGRAM_SPRING24,498.97,11072,676
2024-05-03,email,EMAIL_SPRING24,329.31,19804,1184
2024-05-04,google,GOOGLE_SPRING24,199.07,12351,325
2024-05-04,facebook,FACEBOOK_SPRING24,492.95,13896,600
2024-05-04,instagram,INSTAGRAM_SPRING24,595.94,13405,597
2024-05-04,email,EMAIL_SPRING24,649.45,17825,1111
2024-05-05,google,GOOGLE_SPRING24,772.82,19931,1442
2024-05-05,facebook,FACEBOOK_SPRING24,85.91,,266
2024-05-05,instagram,INSTAGRAM_SPRING24,183.08,17766,449
2024-05-05,email,EMAIL_SPRING24,427.69,11734,468
2024-05-06,google,GOOGLE_SPRING24,515.58,13918,761
2024-05-06,facebook,FACEBOOK_SPRING24,550.95,18576,470
2024-05-06,instagram,INSTAGRAM_SPRING24,125.06,16062,536
2024-05-06,email,EMAIL_SPRING24,698.63,11063,805
2024-05-07,google,GOOGLE_SPRING24,663.63,16980,1001
2024-05-07,facebook,FACEBOOK_SPRING24,70.18,2609,154
2024-05-07,instagram,INSTAGRAM_SPRING24,110.11,5627,225
2024-05-07,email,EMAIL_SPRING24,331.41,16655,661
2024-05-08,google,GOOGLE_SPRING24,176.1,2857,182
2024-05-08,facebook,FACEBOOK_SPRING24,419.87,,702
2024-05-08,instagram,INSTAGRAM_SPRING24,758.58,19037,1463
2024-05-08,email,EMAIL_SPRING24,899.33,13476,874
2024-05-09,google,GOOGLE_SPRING24,54.71,5586,123
2024-05-09,facebook,FACEBOOK_SPRING24,199.65,7544,236
2024-05-09,instagram,INSTAGRAM_SPRING24,984.2,19103,1031
2024-05-09,email,EMAIL_SPRING24,583.41,17085,1331
2024-05-10,google,GOOGLE_SPRING24,9.42,664,9
2024-05-10,facebook,FACEBOOK_SPRING24,799.43,17768,674
2024-05-10,instagram,INSTAGRAM_SPRING24,61.46,9431,369
2024-05-10,email,EMAIL_SPRING24,280.38,14833,651
2024-05-11,google,GOOGLE_SPRING24,44.91,5014,224
2024-05-11,facebook,FACEBOOK_SPRING24,119.3,10294,552
2024-05-11,instagram,INSTAGRAM_SPRING24,425.88,11936,460
2024-05-11,email,EMAIL_SPRING24,9.83,1895,41
2024-05-12,google,GOOGLE_SPRING24,393.12,7627,373
2024-05-12,facebook,FACEBOOK_SPRING24,404.0,18490,364
2024-05-12,instagram,INSTAGRAM_SPRING24,393.59,12649,
2024-05-12,email,EMAIL_SPRING24,1017.66,18888,994
2024-05-13,google,GOOGLE_SPRING24,1263.33,18934,1113
2024-05-13,facebook,FACEBOOK_SPRING24,139.73,12634,186
2024-05-13,instagram,INSTAGRAM_SPRING24,170.3,5913,199
2024-05-13,email,EMAIL_SPRING24,1049.38,17539,1107
2024-05-14,google,GOOGLE_SPRING24,288.23,16093,467
2024-05-14,facebook,FACEBOOK_SPRING24,39.2,1702,74
2024-05-14,instagram,INSTAGRAM_SPRING24,190.37,7389,404
2024-05-14,email,EMAIL_SPRING24,300.05,16642,285
2024-05-15,google,GOOGLE_SPRING24,16.73,587,39
2024-05-15,facebook,FACEBOOK_SPRING24,69.46,8396,259
2024-05-15,instagram,INSTAGRAM_SPRING24,32.36,2169,122
2024-05-15,email,EMAIL_SPRING24,404.01,7994,508
2024-05-16,google,GOOGLE_SPRING24,350.68,9098,533
2024-05-16,facebook,FACEBOOK_SPRING24,236.6,16899,567
2024-05-16,instagram,INSTAGRAM_SPRING24,293.42,16484,521
2024-05-16,email,EMAIL_SPRING24,233.93,10791,222
2024-05-17,google,GOOGLE_SPRING24,62.62,1078,73
2024-05-17,facebook,FACEBOOK_SPRING24,375.4,10376,708
2024-05-17,instagram,INSTAGRAM_SPRING24,402.38,5591,364
2024-05-17,email,EMAIL_SPRING24,105.67,6837,264
2024-05-18,google,GOOGLE_SPRING24,198.82,10394,427
2024-05-18,facebook,FACEBOOK_SPRING24,205.17,15068,818
2024-05-18,instagram,INSTAGRAM_SPRING24,187.51,8546,668
2024-05-18,email,EMAIL_SPRING24,32.47,1867,86
2024-05-19,google,GOOGLE_SPRING24,5.48,1715,
2024-05-19,facebook,FACEBOOK_SPRING24,461.01,15577,535
2024-05-19,instagram,INSTAGRAM_SPRING24,79.13,1655,125
2024-05-19,email,EMAIL_SPRING24,572.06,18292,736
2024-05-20,google,GOOGLE_SPRING24,311.08,13537,991
2024-05-20,facebook,FACEBOOK_SPRING24,446.02,8244,465
2024-05-20,instagram,INSTAGRAM_SPRING24,107.71,8691,301
2024-05-20,email,EMAIL_SPRING24,557.33,12166,720
2024-05-21,google,GOOGLE_SPRING24,372.02,17997,858
2024-05-21,facebook,FACEBOOK_SPRING24,198.17,3988,250
2024-05-21,instagram,INSTAGRAM_SPRING24,187.1,10654,229
2024-05-21,email,EMAIL_SPRING24,225.37,7873,251
2024-05-22,google,GOOGLE_SPRING24,84.13,2549,195
2024-05-22,facebook,FACEBOOK_SPRING24,53.27,860,48
2024-05-22,instagram,INSTAGRAM_SPRING24,755.75,14818,1023
2024-05-22,email,EMAIL_SPRING24,316.87,11729,266
2024-05-23,google,GOOGLE_SPRING24,1351.88,19875,1514
2024-05-23,facebook,FACEBOOK_SPRING24,747.44,17640,658
2024-05-23,instagram,INSTAGRAM_SPRING24,147.67,6926,455
2024-05-23,email,EMAIL_SPRING24,89.72,5712,379
2024-05-24,google,GOOGLE_SPRING24,385.58,19099,1268
2024-05-24,facebook,FACEBOOK_SPRING24,194.0,10935,454
2024-05-24,instagram,INSTAGRAM_SPRING24,148.03,7537,170
2024-05-24,email,EMAIL_SPRING24,283.52,17564,295
2024-05-25,google,GOOGLE_SPRING24,103.06,11726,
2024-05-25,facebook,FACEBOOK_SPRING24,85.0,11579,232
2024-05-25,instagram,INSTAGRAM_SPRING24,515.72,19935,501
2024-05-25,email,EMAIL_SPRING24,517.48,18098,1167
2024-05-26,google,GOOGLE_SPRING24,121.2,4909,106
2024-05-26,facebook,FACEBOOK_SPRING24,67.62,11105,318
2024-05-26,instagram,INSTAGRAM_SPRING24,,7284,537
2024-05-26,email,EMAIL_SPRING24,281.87,,429
2024-05-27,google,GOOGLE_SPRING24,773.3,16332,661
2024-05-27,facebook,FACEBOOK_SPRING24,76.38,12728,129
2024-05-27,instagram,INSTAGRAM_SPRING24,341.69,6579,507
2024-05-27,email,EMAIL_SPRING24,554.98,13435,661
2024-05-28,google,GOOGLE_SPRING24,50.92,1965,50
2024-05-28,facebook,FACEBOOK_SPRING24,228.93,13627,381
2024-05-28,instagram,INSTAGRAM_SPRING24,60.58,1712,55
2024-05-28,email,EMAIL_SPRING24,426.87,8697,571
2024-05-29,google,GOOGLE_SPRING24,7.47,1006,26
2024-05-29,facebook,FACEBOOK_SPRING24,246.56,15266,882
2024-05-29,instagram,INSTAGRAM_SPRING24,103.8,3771,87
2024-05-29,email,EMAIL_SPRING24,125.93,15650,460
2024-05-30,google,GOOGLE_SPRING24,800.26,13540,825
2024-05-30,facebook,FACEBOOK_SPRING24,67.19,5107,113
2024-05-30,instagram,INSTAGRAM_SPRING24,707.26,17213,720
2024-05-30,email,EMAIL_SPRING24,230.31,8099,193
2024-05-31,google,GOOGLE_SPRING24,314.63,6795,392
2024-05-31,facebook,FACEBOOK_SPRING24,508.83,11191,778
2024-05-31,instagram,INSTAGRAM_SPRING24,234.31,11810,219
2024-05-31,email,EMAIL_SPRING24,49.7,3397,69
2024-06-01,google,GOOGLE_SUMMER24,,19600,1165
2024-06-01,facebook,FACEBOOK_SUMMER24,293.73,15369,261
2024-06-01,instagram,INSTAGRAM_SUMMER24,35.79,1570,53
2024-06-01,email,EMAIL_SUMMER24,147.96,4745,131
2024-06-02,google,GOOGLE_SUMMER24,165.64,8802,421
2024-06-02,facebook,FACEBOOK_SUMMER24,253.37,8333,344
2024-06-02,instagram,INSTAGRAM_SUMMER24,609.96,13728,576
2024-06-02,email,EMAIL_SUMMER24,283.57,7854,249
2024-06-03,google,GOOGLE_SUMMER24,752.06,15410,883
2024-06-03,facebook,FACEBOOK_SUMMER24,41.81,8244,108
2024-06-03,instagram,INSTAGRAM_SUMMER24,479.82,15284,509
2024-06-03,email,EMAIL_SUMMER24,31.72,11650,211
2024-06-04,google,GOOGLE_SUMMER24,657.22,19723,616
2024-06-04,facebook,FACEBOOK_SUMMER24,,18240,300
2024-06-04,instagram,INSTAGRAM_SUMMER24,171.84,16348,222
2024-06-04,email,EMAIL_SUMMER24,544.55,19496,1174
2024-06-05,google,GOOGLE_SUMMER24,113.32,2178,95
2024-06-05,facebook,FACEBOOK_SUMMER24,296.15,10000,571
2024-06-05,instagram,INSTAGRAM_SUMMER24,177.05,15439,318
2024-06-05,email,EMAIL_SUMMER24,62.24,1310,82
2024-06-06,google,GOOGLE_SUMMER24,,17815,1248
2024-06-06,facebook,FACEBOOK_SUMMER24,553.9,6463,481
2024-06-06,instagram,INSTAGRAM_SUMMER24,352.43,4832,363
2024-06-06,email,EMAIL_SUMMER24,659.86,14941,1080
2024-06-07,google,GOOGLE_SUMMER24,964.83,19161,949
2024-06-07,facebook,FACEBOOK_SUMMER24,465.2,6520,466
2024-06-07,instagram,INSTAGRAM_SUMMER24,165.77,2307,175
2024-06-07,email,EMAIL_SUMMER24,264.93,14244,314
2024-06-08,google,GOOGLE_SUMMER24,57.99,6002,180
2024-06-08,facebook,FACEBOOK_SUMMER24,99.95,5189,130
2024-06-08,instagram,INSTAGRAM_SUMMER24,990.85,13644,914
2024-06-08,email,EMAIL_SUMMER24,,8973,534
2024-06-09,google,GOOGLE_SUMMER24,162.92,6749,228
2024-06-09,facebook,FACEBOOK_SUMMER24,34.22,3460,67
2024-06-09,instagram,INSTAGRAM_SUMMER24,392.18,13035,916
2024-06-09,email,EMAIL_SUMMER24,892.66,17923,780
2024-06-10,google,GOOGLE_SUMMER24,476.09,17548,1137
2024-06-10,facebook,FACEBOOK_SUMMER24,578.42,17847,1180
2024-06-10,instagram,INSTAGRAM_SUMMER24,169.42,4825,171
2024-06-10,email,EMAIL_SUMMER24,1011.47,18543,873
2024-06-11,google,GOOGLE_SUMMER24,554.73,7993,483
2024-06-11,facebook,FACEBOOK_SUMMER24,219.95,16246,201
2024-06-11,instagram,INSTAGRAM_SUMMER24,1182.39,13649,1057
2024-06-11,email,EMAIL_SUMMER24,903.4,18192,1214
2024-06-12,google,GOOGLE_SUMMER24,400.91,16787,406
2024-06-12,facebook,FACEBOOK_SUMMER24,390.91,19092,675
2024-06-12,instagram,INSTAGRAM_SUMMER24,338.37,19421,727
2024-06-12,email,EMAIL_SUMMER24,,18257,894
2024-06-13,google,GOOGLE_SUMMER24,142.39,6358,298
2024-06-13,facebook,FACEBOOK_SUMMER24,,5717,349
2024-06-13,instagram,INSTAGRAM_SUMMER24,158.84,10250,365
2024-06-13,email,EMAIL_SUMMER24,40.05,2733,37
2024-06-14,google,GOOGLE_SUMMER24,36.63,1086,70
2024-06-14,facebook,FACEBOOK_SUMMER24,42.5,9536,209
2024-06-14,instagram,INSTAGRAM_SUMMER24,256.32,11695,
2024-06-14,email,EMAIL_SUMMER24,386.15,12704,578
2024-06-15,google,GOOGLE_SUMMER24,172.58,18027,1072
2024-06-15,facebook,FACEBOOK_SUMMER24,368.47,15095,1184
2024-06-15,instagram,INSTAGRAM_SUMMER24,540.44,17917,608
2024-06-15,email,EMAIL_SUMMER24,87.76,1951,118
2024-06-16,google,GOOGLE_SUMMER24,16.28,4833,57
2024-06-16,facebook,FACEBOOK_SUMMER24,358.55,18927,394
2024-06-16,instagram,INSTAGRAM_SUMMER24,121.46,19017,789
2024-06-16,email,EMAIL_SUMMER24,558.93,16117,821
2024-06-17,google,GOOGLE_SUMMER24,940.02,12688,939
2024-06-17,facebook,FACEBOOK_SUMMER24,186.03,15036,238
2024-06-17,instagram,INSTAGRAM_SUMMER24,510.3,15556,485
2024-06-17,email,EMAIL_SUMMER24,325.05,10298,507
2024-06-18,google,GOOGLE_SUMMER24,426.88,11832,616
2024-06-18,facebook,FACEBOOK_SUMMER24,1729.53,19345,1483
2024-06-18,instagram,INSTAGRAM_SUMMER24,556.14,14729,877
2024-06-18,email,EMAIL_SUMMER24,269.38,10517,250
2024-06-19,google,GOOGLE_SUMMER24,422.36,16733,360
2024-06-19,facebook,FACEBOOK_SUMMER24,903.04,13807,865
2024-06-19,instagram,INSTAGRAM_SUMMER24,103.23,1909,130
2024-06-19,email,EMAIL_SUMMER24,818.63,17996,995
2024-06-20,google,GOOGLE_SUMMER24,105.22,,116
2024-06-20,facebook,FACEBOOK_SUMMER24,345.44,12110,530
2024-06-20,instagram,INSTAGRAM_SUMMER24,39.93,5035,94
2024-06-20,email,EMAIL_SUMMER24,104.33,8067,110
2024-06-21,google,GOOGLE_SUMMER24,153.56,2421,178
2024-06-21,facebook,FACEBOOK_SUMMER24,90.7,4224,264
2024-06-21,instagram,INSTAGRAM_SUMMER24,633.67,16600,1281
2024-06-21,email,EMAIL_SUMMER24,34.71,2655,123
2024-06-22,google,GOOGLE_SUMMER24,612.91,17784,1404
2024-06-22,facebook,FACEBOOK_SUMMER24,669.88,8441,577
2024-06-22,instagram,INSTAGRAM_SUMMER24,682.23,14113,1041
2024-06-22,email,EMAIL_SUMMER24,104.23,8665,610
2024-06-23,google,GOOGLE_SUMMER24,427.04,,441
2024-06-23,facebook,FACEBOOK_SUMMER24,45.17,5194,271
2024-06-23,instagram,INSTAGRAM_SUMMER24,411.34,10350,713
2024-06-23,email,EMAIL_SUMMER24,284.62,15298,691
2024-06-24,google,GOOGLE_SUMMER24,59.63,2220,133
2024-06-24,facebook,FACEBOOK_SUMMER24,295.29,5205,315
2024-06-24,instagram,INSTAGRAM_SUMMER24,272.42,9270,706
2024-06-24,email,EMAIL_SUMMER24,306.96,13615,696
2024-06-25,google,GOOGLE_SUMMER24,371.17,6503,425
2024-06-25,facebook,FACEBOOK_SUMMER24,197.05,11456,480
2024-06-25,instagram,INSTAGRAM_SUMMER24,63.58,8569,97
2024-06-25,email,EMAIL_SUMMER24,117.32,7322,99
2024-06-26,google,GOOGLE_SUMMER24,719.86,10104,637
2024-06-26,facebook,FACEBOOK_SUMMER24,131.64,15528,326
2024-06-26,instagram,INSTAGRAM_SUMMER24,39.49,2079,39
2024-06-26,email,EMAIL_SUMMER24,63.97,3441,122
2024-06-27,google,GOOGLE_SUMMER24,443.36,9241,502
2024-06-27,facebook,FACEBOOK_SUMMER24,441.9,10302,785
2024-06-27,instagram,INSTAGRAM_SUMMER24,255.61,12698,887
2024-06-27,email,EMAIL_SUMMER24,240.59,16435,1050
2024-06-28,google,GOOGLE_SUMMER24,447.0,11813,865
2024-06-28,facebook,FACEBOOK_SUMMER24,777.57,8820,663
2024-06-28,instagram,INSTAGRAM_SUMMER24,564.2,16792,1176
2024-06-28,email,EMAIL_SUMMER24,320.73,14663,965
2024-06-29,google,GOOGLE_SUMMER24,390.05,13921,378
2024-06-29,facebook,FACEBOOK_SUMMER24,178.06,2939,167
2024-06-29,instagram,INSTAGRAM_SUMMER24,42.33,8280,265
2024-06-29,email,EMAIL_SUMMER24,42.99,10745,138
2024-06-30,google,GOOGLE_SUMMER24,410.17,12247,694
2024-06-30,facebook,FACEBOOK_SUMMER24,262.36,7570,442
2024-06-30,instagram,INSTAGRAM_SUMMER24,49.48,19926,252
2024-06-30,email,EMAIL_SUMMER24,232.59,3647,253
2024-07-01,google,GOOGLE_WELCOME,591.89,16911,828
2024-07-01,facebook,FACEBOOK_WELCOME,413.04,13303,744
2024-07-01,instagram,INSTAGRAM_WELCOME,526.49,17154,739
2024-07-01,email,EMAIL_WELCOME,212.49,14277,1073
2024-07-02,google,GOOGLE_WELCOME,861.48,11446,910
2024-07-02,facebook,FACEBOOK_WELCOME,143.03,17670,219
2024-07-02,instagram,INSTAGRAM_WELCOME,283.78,18652,333
2024-07-02,email,EMAIL_WELCOME,,15511,383
2024-07-03,google,GOOGLE_WELCOME,42.52,1443,111
2024-07-03,facebook,FACEBOOK_WELCOME,846.38,17553,1109
2024-07-03,instagram,INSTAGRAM_WELCOME,732.0,11859,929
2024-07-03,email,EMAIL_WELCOME,427.69,13198,576
2024-07-04,google,GOOGLE_WELCOME,130.42,14192,588
2024-07-04,facebook,FACEBOOK_WELCOME,67.34,3252,129
2024-07-04,instagram,INSTAGRAM_WELCOME,157.07,13678,335
2024-07-04,email,EMAIL_WELCOME,,14881,367
2024-07-05,google,GOOGLE_WELCOME,447.62,11841,473
2024-07-05,facebook,FACEBOOK_WELCOME,181.04,16297,1069
2024-07-05,instagram,INSTAGRAM_WELCOME,276.99,16262,285
2024-07-05,email,EMAIL_WELCOME,151.49,16244,928
2024-07-06,google,GOOGLE_WELCOME,446.39,12786,982
2024-07-06,facebook,FACEBOOK_WELCOME,95.48,10192,522
2024-07-06,instagram,INSTAGRAM_WELCOME,1514.32,19706,1463
2024-07-06,email,EMAIL_WELCOME,249.8,8262,383
2024-07-07,google,GOOGLE_WELCOME,450.49,7125,469
2024-07-07,facebook,FACEBOOK_WELCOME,3.74,1401,16
2024-07-07,instagram,INSTAGRAM_WELCOME,415.77,7906,624
2024-07-07,email,EMAIL_WELCOME,783.88,19116,949
2024-07-08,google,GOOGLE_WELCOME,169.18,5500,252
2024-07-08,facebook,FACEBOOK_WELCOME,135.49,12872,269
2024-07-08,instagram,INSTAGRAM_WELCOME,5.36,636,13
2024-07-08,email,EMAIL_WELCOME,298.94,12698,466
2024-07-09,google,GOOGLE_WELCOME,102.11,12277,190
2024-07-09,facebook,FACEBOOK_WELCOME,393.05,17427,
2024-07-09,instagram,INSTAGRAM_WELCOME,64.51,2775,107
2024-07-09,email,EMAIL_WELCOME,254.94,7627,385
2024-07-10,google,GOOGLE_WELCOME,44.61,1602,81
2024-07-10,facebook,FACEBOOK_WELCOME,716.45,13309,702
2024-07-10,instagram,INSTAGRAM_WELCOME,65.53,10426,217
2024-07-10,email,EMAIL_WELCOME,426.71,8726,415
2024-07-11,google,GOOGLE_WELCOME,160.96,8190,346
2024-07-11,facebook,FACEBOOK_WELCOME,55.49,4100,303
2024-07-11,instagram,INSTAGRAM_WELCOME,326.45,4490,334
2024-07-11,email,EMAIL_WELCOME,4.57,709,26
2024-07-12,google,GOOGLE_WELCOME,784.39,16928,842
2024-07-12,facebook,FACEBOOK_WELCOME,293.1,4602,282
2024-07-12,instagram,INSTAGRAM_WELCOME,368.67,10454,636
2024-07-12,email,EMAIL_WELCOME,11.62,1983,50
2024-07-13,google,GOOGLE_WELCOME,376.61,4132,
2024-07-13,facebook,FACEBOOK_WELCOME,768.46,11700,871
2024-07-13,instagram,INSTAGRAM_WELCOME,532.7,19742,1121
2024-07-13,email,EMAIL_WELCOME,1174.48,19260,1196
2024-07-14,google,GOOGLE_WELCOME,388.78,10196,573
2024-07-14,facebook,FACEBOOK_WELCOME,316.47,9107,607
2024-07-14,instagram,INSTAGRAM_WELCOME,195.07,5496,231
2024-07-14,email,EMAIL_WELCOME,41.31,9272,110
2024-07-15,google,GOOGLE_WELCOME,1206.6,19525,1033
2024-07-15,facebook,FACEBOOK_WELCOME,133.39,3991,237
2024-07-15,instagram,INSTAGRAM_WELCOME,238.93,,1065
2024-07-15,email,EMAIL_WELCOME,599.37,15275,527
